league,season,team,player,nation,pos,age,born,mp,starts,min,90s,gls,ast,g+a,g-pk,pk,pkatt,crdy,crdr,xg,npxg,xag,npxg+xag,prgc,prgp,prgr,gls_per90,ast_per90,g+a_per90,g-pk_per90,g+a-pk_per90,xg_per90,xag_per90,xg+xag_per90,npxg_per90,npxg+xag_per90,other positions,contract expiration,value_euros,years_remaining
ENG-Premier League,2526,West Ham,Jarrod Bowen,ENG,"FW,MF",29,1996,17,17,1530,17.0,5,1,6,5,0,0,1,0,3.5,3.5,1.8,5.3,56,30,119,0.29,0.06,0.35,0.29,0.35,0.21,0.11,0.31,0.21,0.31,,2030-06-30,3500000.0,4.5
ENG-Premier League,2526,Sunderland,Robin Roefs,NED,GK,22,2003,17,17,1530,17.0,0,0,0,0,0,0,2,0,0.0,0.0,0.4,0.4,0,0,0,0.0,0.0,0.0,0.0,0.0,0.0,0.02,0.02,0.0,0.02,,2030-06-30,1800000.0,4.5
ENG-Premier League,2526,Tottenham,Guglielmo Vicario,ITA,GK,29,1996,17,17,1530,17.0,0,0,0,0,0,0,0,0,0.0,0.0,0.0,0.0,0,0,0,0.0,0.0,0.0,0.0,0.0,0.0,0.0,0.0,0.0,0.0,,2028-06-30,3000000.0,2.5
ENG-Premier League,2526,Everton,Jordan Pickford,ENG,GK,31,1994,17,17,1530,17.0,0,0,0,0,0,0,0,0,0.0,0.0,0.0,0.0,0,0,0,0.0,0.0,0.0,0.0,0.0,0.0,0.0,0.0,0.0,0.0,,2029-06-30,1500000.0,3.5
ENG-Premier League,2526,Brentford,Sepp van den Berg,NED,DF,24,2001,17,17,1530,17.0,0,0,0,0,0,0,1,0,1.6,1.6,0.5,2.1,13,34,9,0.0,0.0,0.0,0.0,0.0,0.1,0.03,0.13,0.1,0.13,,2029-06-30,2800000.0,3.5
ENG-Premier League,2526,Brighton,Bart Verbruggen,NED,GK,23,2002,17,17,1530,17.0,0,0,0,0,0,0,2,0,0.0,0.0,0.1,0.1,0,1,0,0.0,0.0,0.0,0.0,0.0,0.0,0.01,0.01,0.0,0.01,,2028-06-30,3500000.0,2.5
ENG-Premier League,2526,Brentford,Caoimhín Kelleher,IRL,GK,27,1998,17,17,1530,17.0,0,0,0,0,0,0,1,0,0.0,0.0,0.0,0.0,0,1,0,0.0,0.0,0.0,0.0,0.0,0.0,0.0,0.0,0.0,0.0,,2030-06-30,2200000.0,4.5
ENG-Premier League,2526,Leeds United,Joe Rodon,WAL,DF,28,1997,17,17,1530,17.0,2,0,2,2,0,0,1,0,1.0,1.0,0.4,1.3,14,68,7,0.12,0.0,0.12,0.12,0.12,0.06,0.02,0.08,0.06,0.08,,2028-06-30,1200000.0,2.5
ENG-Premier League,2526,Liverpool,Virgil van Dijk,NED,DF,34,1991,17,17,1530,17.0,0,0,0,0,0,0,3,0,0.8,0.8,0.2,1.0,16,123,11,0.0,0.0,0.0,0.0,0.0,0.05,0.01,0.06,0.05,0.06,,2027-06-30,1800000.0,1.5
ENG-Premier League,2526,Burnley,Martin Dúbravka,SVK,GK,36,1989,17,17,1530,17.0,0,0,0,0,0,0,0,0,0.0,0.0,0.0,0.0,0,0,0,0.0,0.0,0.0,0.0,0.0,0.0,0.0,0.0,0.0,0.0,,2026-06-30,750000.0,0.5
ENG-Premier League,2526,Crystal Palace,Dean Henderson,ENG,GK,28,1997,17,17,1530,17.0,0,0,0,0,0,0,2,0,0.0,0.0,0.0,0.0,0,2,0,0.0,0.0,0.0,0.0,0.0,0.0,0.0,0.0,0.0,0.0,,2028-06-30,2800000.0,2.5
ENG-Premier League,2526,Crystal Palace,Maxence Lacroix,FRA,DF,25,2000,17,17,1530,17.0,0,2,2,0,0,0,2,0,0.6,0.6,0.8,1.4,2,26,7,0.0,0.12,0.12,0.0,0.12,0.03,0.05,0.08,0.03,0.08,,2029-06-30,3500000.0,3.5
ENG-Premier League,2526,Arsenal,David Raya,ESP,GK,30,1995,17,17,1530,17.0,0,0,0,0,0,0,1,0,0.0,0.0,0.1,0.1,0,5,0,0.0,0.0,0.0,0.0,0.0,0.0,0.0,0.0,0.0,0.0,,2028-06-30,3500000.0,2.5
ENG-Premier League,2526,Everton,James Tarkowski,ENG,DF,33,1992,17,17,1530,17.0,0,1,1,0,0,0,4,0,0.6,0.6,1.1,1.7,7,53,7,0.0,0.06,0.06,0.0,0.06,0.04,0.06,0.1,0.04,0.1,,2028-06-30,700000.0,2.5
ENG-Premier League,2526,Crystal Palace,Tyrick Mitchell,ENG,"DF,MF",26,1999,17,17,1523,16.9,1,0,1,1,0,0,2,0,0.4,0.4,0.9,1.3,33,23,99,0.06,0.0,0.06,0.06,0.06,0.02,0.05,0.08,0.02,0.08,,2027-06-30,2500000.0,1.5
ENG-Premier League,2526,Everton,James Garner,ENG,"MF,DF",24,2001,17,17,1523,16.9,1,2,3,1,0,0,4,0,1.2,1.2,1.5,2.7,18,90,27,0.06,0.12,0.18,0.06,0.18,0.07,0.09,0.16,0.07,0.16,"                  0
0  Central Midfield
1    Right Midfield",2027-06-30,2500000.0,1.5
ENG-Premier League,2526,Crystal Palace,Chris Richards,USA,DF,25,2000,17,17,1522,16.9,0,0,0,0,0,0,0,0,0.4,0.4,0.3,0.7,7,33,7,0.0,0.0,0.0,0.0,0.0,0.02,0.02,0.04,0.02,0.04,"            0
0  Right-Back",2027-06-30,2500000.0,1.5
ENG-Premier League,2526,Liverpool,Dominik Szoboszlai,HUN,"MF,DF",25,2000,17,17,1522,16.9,2,1,3,2,0,0,5,0,2.1,2.1,2.4,4.6,43,129,70,0.12,0.06,0.18,0.12,0.18,0.13,0.14,0.27,0.13,0.27,"                  0
0  Central Midfield
1        Right-Back",2028-06-30,8500000.0,2.5
ENG-Premier League,2526,Sunderland,Granit Xhaka,SUI,MF,33,1992,17,17,1512,16.8,1,4,5,1,0,0,4,0,0.5,0.5,1.7,2.3,12,99,16,0.06,0.24,0.3,0.06,0.3,0.03,0.1,0.13,0.03,0.13,"                  0
0  Central Midfield",2028-06-30,1000000.0,2.5
ENG-Premier League,2526,Bournemouth,Adrien Truffert,FRA,DF,24,2001,17,17,1502,16.7,0,1,1,0,0,0,3,0,0.2,0.2,1.2,1.5,37,71,96,0.0,0.06,0.06,0.0,0.06,0.01,0.07,0.09,0.01,0.09,"               0
0  Left Midfield",2030-06-30,2000000.0,4.5
ENG-Premier League,2526,Leeds United,Jayden Bogle,ENG,DF,25,2000,17,17,1482,16.5,0,1,1,0,0,0,4,0,0.7,0.7,0.7,1.4,30,45,63,0.0,0.06,0.06,0.0,0.06,0.05,0.04,0.09,0.05,0.09,,2028-06-30,1000000.0,2.5
ENG-Premier League,2526,Brentford,Michael Kayode,ITA,DF,21,2004,17,17,1477,16.4,0,0,0,0,0,0,3,0,0.2,0.2,1.7,1.9,32,33,71,0.0,0.0,0.0,0.0,0.0,0.01,0.1,0.12,0.01,0.12,"                0
0       Left-Back
1  Right Midfield",2030-06-30,2700000.0,4.5
ENG-Premier League,2526,Burnley,Josh Cullen,IRL,MF,29,1996,17,17,1462,16.2,2,2,4,2,0,0,2,0,0.9,0.9,2.1,3.0,6,67,11,0.12,0.12,0.25,0.12,0.25,0.05,0.13,0.18,0.05,0.18,,2027-06-30,700000.0,1.5
ENG-Premier League,2526,Manchester City,Erling Haaland,NOR,FW,25,2000,17,17,1461,16.2,19,4,23,18,1,2,0,0,16.7,15.1,2.4,17.5,26,11,50,1.17,0.25,1.42,1.11,1.36,1.03,0.15,1.17,0.93,1.08,,2034-06-30,20000000.0,8.5
ENG-Premier League,2526,Brentford,Nathan Collins,IRL,DF,24,2001,17,16,1457,16.2,0,0,0,0,0,0,4,0,1.1,1.1,1.0,2.1,7,49,3,0.0,0.0,0.0,0.0,0.0,0.07,0.06,0.13,0.07,0.13,,2029-06-30,3500000.0,3.5
ENG-Premier League,2526,Manchester City,Rúben Dias,POR,DF,28,1997,17,16,1446,16.1,2,0,2,2,0,0,0,0,0.4,0.4,0.1,0.5,13,66,0,0.12,0.0,0.12,0.12,0.12,0.03,0.01,0.03,0.03,0.03,,2029-06-30,6000000.0,3.5
ENG-Premier League,2526,Chelsea,Robert Sánchez,ESP,GK,28,1997,17,17,1444,16.0,0,1,1,0,0,0,2,1,0.0,0.0,0.8,0.8,0,0,0,0.0,0.06,0.06,0.0,0.06,0.0,0.05,0.05,0.0,0.05,,2030-06-30,2200000.0,4.5
ENG-Premier League,2526,Nott'ham Forest,Elliot Anderson,ENG,MF,23,2002,16,16,1440,16.0,1,1,2,0,1,1,3,0,1.8,1.0,2.1,3.0,24,133,41,0.06,0.06,0.12,0.0,0.06,0.11,0.13,0.24,0.06,0.19,,2029-06-30,6000000.0,3.5
ENG-Premier League,2526,Nott'ham Forest,Nikola Milenković,SRB,DF,28,1997,16,16,1440,16.0,0,0,0,0,0,0,3,0,0.7,0.7,0.3,1.0,5,40,1,0.0,0.0,0.0,0.0,0.0,0.04,0.02,0.06,0.04,0.06,,2029-06-30,3000000.0,3.5
ENG-Premier League,2526,Nott'ham Forest,Neco Williams,WAL,DF,24,2001,16,16,1440,16.0,1,1,2,1,0,0,4,0,1.0,1.0,1.3,2.3,31,64,74,0.06,0.06,0.12,0.06,0.12,0.06,0.08,0.14,0.06,0.14,"            0
0  Right-Back",2029-06-30,2500000.0,3.5
ENG-Premier League,2526,Fulham,Bernd Leno,GER,GK,33,1992,16,16,1440,16.0,0,0,0,0,0,0,3,0,0.0,0.0,0.0,0.0,0,1,0,0.0,0.0,0.0,0.0,0.0,0.0,0.0,0.0,0.0,0.0,,2027-06-30,800000.0,1.5
ENG-Premier League,2526,Brighton,Jan Paul van Hecke,NED,DF,25,2000,16,16,1440,16.0,3,1,4,3,0,0,3,0,1.6,1.6,0.2,1.8,45,117,5,0.19,0.06,0.25,0.19,0.25,0.1,0.01,0.11,0.1,0.11,,2027-06-30,3500000.0,1.5
ENG-Premier League,2526,Crystal Palace,Marc Guéhi,ENG,DF,25,2000,16,16,1440,16.0,2,2,4,2,0,0,3,0,1.3,1.3,1.5,2.8,19,80,7,0.12,0.12,0.25,0.12,0.25,0.08,0.1,0.17,0.08,0.17,,2026-06-30,5500000.0,0.5
ENG-Premier League,2526,Brighton,Yankuba Minteh,GAM,FW,21,2004,17,17,1439,16.0,1,4,5,1,0,0,0,0,2.6,2.6,4.5,7.1,77,24,164,0.06,0.25,0.31,0.06,0.31,0.16,0.28,0.44,0.16,0.44,"                0
0     Left Winger
1  Right Midfield",2029-06-30,4000000.0,3.5
ENG-Premier League,2526,Bournemouth,Antoine Semenyo,GHA,"FW,MF",25,2000,16,16,1439,16.0,8,3,11,7,1,2,4,0,5.4,3.9,2.1,6.0,60,57,97,0.5,0.19,0.69,0.44,0.63,0.34,0.13,0.47,0.24,0.38,"                0
0     Left Winger
1  Centre-Forward",2030-06-30,6500000.0,4.5
ENG-Premier League,2526,Chelsea,Marc Cucurella,ESP,DF,27,1998,17,16,1436,16.0,0,2,2,0,0,0,3,0,0.6,0.6,1.7,2.3,24,66,45,0.0,0.13,0.13,0.0,0.13,0.04,0.11,0.14,0.04,0.14,,2028-06-30,5000000.0,2.5
ENG-Premier League,2526,Burnley,Maxime Estève,FRA,DF,23,2002,16,16,1431,15.9,0,0,0,0,0,0,0,0,0.4,0.4,0.4,0.8,4,37,1,0.0,0.0,0.0,0.0,0.0,0.03,0.03,0.05,0.03,0.05,,2030-06-30,2500000.0,4.5
ENG-Premier League,2526,Manchester Utd,Bruno Fernandes,POR,MF,31,1994,16,16,1430,15.9,5,7,12,3,2,4,2,0,6.8,3.8,4.4,8.2,27,132,52,0.31,0.44,0.76,0.19,0.63,0.43,0.28,0.71,0.24,0.52,"                  0
0  Central Midfield
1    Second Striker",2027-06-30,4000000.0,1.5
ENG-Premier League,2526,Tottenham,Micky van de Ven,NED,DF,24,2001,16,16,1429,15.9,3,0,3,3,0,0,4,0,1.7,1.7,0.1,1.9,8,41,2,0.19,0.0,0.19,0.19,0.19,0.11,0.01,0.12,0.11,0.12,"           0
0  Left-Back",2029-06-30,6500000.0,3.5
ENG-Premier League,2526,Aston Villa,Morgan Rogers,ENG,"FW,MF",23,2002,16,16,1426,15.8,5,3,8,5,0,0,2,0,1.7,1.7,1.9,3.6,31,48,96,0.32,0.19,0.5,0.32,0.5,0.11,0.12,0.23,0.11,0.23,"              0
0  Right Winger
1   Left Winger",2031-06-30,7000000.0,5.5
ENG-Premier League,2526,Liverpool,Ibrahima Konaté,FRA,DF,26,1999,17,17,1426,15.8,0,0,0,0,0,0,4,0,0.8,0.8,0.5,1.4,16,64,1,0.0,0.0,0.0,0.0,0.0,0.05,0.03,0.09,0.05,0.09,,2026-06-30,5000000.0,0.5
ENG-Premier League,2526,Arsenal,Declan Rice,ENG,MF,26,1999,17,16,1426,15.8,2,3,5,2,0,0,1,0,1.7,1.7,3.3,5.0,45,116,41,0.13,0.19,0.32,0.13,0.32,0.11,0.21,0.31,0.11,0.31,"                    0
0  Defensive Midfield",2028-06-30,12000000.0,2.5
ENG-Premier League,2526,Burnley,Kyle Walker,ENG,DF,35,1990,16,16,1426,15.8,0,1,1,0,0,0,5,0,0.1,0.1,0.5,0.6,22,34,23,0.0,0.06,0.06,0.0,0.06,0.01,0.03,0.04,0.01,0.04,,2027-06-30,250000.0,1.5
ENG-Premier League,2526,Everton,Michael Keane,ENG,DF,32,1993,16,16,1414,15.7,2,0,2,2,0,0,0,0,1.1,1.1,0.1,1.2,4,36,4,0.13,0.0,0.13,0.13,0.13,0.07,0.01,0.08,0.07,0.08,,2026-06-30,400000.0,0.5
ENG-Premier League,2526,Sunderland,Noah Sadiki,COD,MF,21,2004,16,16,1412,15.7,0,0,0,0,0,0,4,0,0.3,0.3,0.4,0.6,30,47,39,0.0,0.0,0.0,0.0,0.0,0.02,0.02,0.04,0.02,0.04,,2030-06-30,2500000.0,4.5
ENG-Premier League,2526,Aston Villa,Matty Cash,POL,DF,28,1997,16,16,1411,15.7,3,1,4,3,0,0,4,0,0.6,0.6,1.5,2.1,24,53,66,0.19,0.06,0.26,0.19,0.26,0.04,0.09,0.13,0.04,0.13,"                  0
0    Right Midfield
1  Central Midfield",2029-06-30,2200000.0,3.5
ENG-Premier League,2526,Arsenal,Martín Zubimendi,ESP,MF,26,1999,17,16,1409,15.7,2,1,3,2,0,0,3,0,0.7,0.7,0.9,1.7,21,90,15,0.13,0.06,0.19,0.13,0.19,0.05,0.06,0.11,0.05,0.11,"                  0
0  Central Midfield",2030-06-30,7500000.0,4.5
ENG-Premier League,2526,Manchester Utd,Bryan Mbeumo,CMR,MF,26,1999,16,16,1403,15.6,6,1,7,6,0,0,3,0,5.5,5.5,3.1,8.7,41,44,145,0.38,0.06,0.45,0.38,0.45,0.36,0.2,0.56,0.36,0.56,"                0
0  Second Striker
1  Centre-Forward",2030-06-30,7500000.0,4.5
ENG-Premier League,2526,Everton,Jake O'Brien,IRL,DF,24,2001,17,15,1400,15.6,0,1,1,0,0,0,1,0,0.6,0.6,0.2,0.8,10,39,32,0.0,0.06,0.06,0.0,0.06,0.04,0.01,0.05,0.04,0.05,,2028-06-30,1600000.0,2.5
ENG-Premier League,2526,Bournemouth,Marcos Senesi,ARG,DF,28,1997,16,16,1398,15.5,0,3,3,0,0,0,6,0,0.6,0.6,2.2,2.8,11,105,8,0.0,0.19,0.19,0.0,0.19,0.04,0.14,0.18,0.04,0.18,,2026-06-30,2200000.0,0.5
ENG-Premier League,2526,Brighton,Lewis Dunk,ENG,DF,34,1991,16,15,1395,15.5,0,0,0,0,0,0,5,0,0.6,0.6,0.1,0.6,10,49,1,0.0,0.0,0.0,0.0,0.0,0.04,0.0,0.04,0.04,0.04,,2026-06-30,400000.0,0.5
ENG-Premier League,2526,Fulham,Sander Berge,NOR,MF,27,1998,16,16,1393,15.5,0,0,0,0,0,0,2,0,0.6,0.6,1.5,2.1,23,85,10,0.0,0.0,0.0,0.0,0.0,0.04,0.1,0.13,0.04,0.13,,2029-06-30,2500000.0,3.5
ENG-Premier League,2526,Newcastle Utd,Bruno Guimarães,BRA,MF,28,1997,16,15,1388,15.4,5,2,7,5,0,0,4,0,2.3,2.3,1.1,3.4,18,120,38,0.32,0.13,0.45,0.32,0.45,0.15,0.07,0.22,0.15,0.22,,2028-06-30,7500000.0,2.5
ENG-Premier League,2526,West Ham,El Hadji Malick Diouf,SEN,DF,20,2004,16,15,1387,15.4,0,3,3,0,0,0,3,0,0.4,0.4,0.8,1.2,18,36,63,0.0,0.19,0.19,0.0,0.19,0.03,0.05,0.08,0.03,0.08,"               0
0  Left Midfield
1    Left Winger",2030-06-30,2800000.0,4.5
ENG-Premier League,2526,Sunderland,Trai Hume,NIR,"DF,MF",23,2002,17,15,1383,15.4,0,1,1,0,0,0,3,0,0.5,0.5,0.8,1.3,16,48,39,0.0,0.07,0.07,0.0,0.07,0.03,0.05,0.09,0.03,0.09,"             0
0  Centre-Back
1    Left-Back",2030-06-30,1800000.0,4.5
ENG-Premier League,2526,Leeds United,Gabriel Gudmundsson,SWE,DF,26,1999,17,16,1380,15.3,0,0,0,0,0,0,2,0,0.9,0.9,1.8,2.7,44,52,60,0.0,0.0,0.0,0.0,0.0,0.06,0.12,0.17,0.06,0.17,"               0
0  Left Midfield
1    Left Winger",2029-06-30,1500000.0,3.5
ENG-Premier League,2526,Chelsea,Trevoh Chalobah,ENG,DF,26,1999,16,16,1380,15.3,3,0,3,3,0,0,2,1,0.9,0.9,0.1,1.0,15,48,3,0.2,0.0,0.2,0.2,0.2,0.06,0.01,0.07,0.06,0.07,,2028-06-30,3500000.0,2.5
ENG-Premier League,2526,Arsenal,Jurriën Timber,NED,DF,24,2001,17,15,1379,15.3,2,2,4,2,0,0,2,0,3.4,3.4,0.8,4.3,24,94,80,0.13,0.13,0.26,0.13,0.26,0.22,0.05,0.28,0.22,0.28,,2028-06-30,7000000.0,2.5
ENG-Premier League,2526,Crystal Palace,Jean-Philippe Mateta,FRA,FW,28,1997,17,17,1374,15.3,7,0,7,4,3,3,2,0,10.2,7.8,0.6,8.4,12,18,67,0.46,0.0,0.46,0.26,0.26,0.66,0.04,0.71,0.51,0.55,,2027-06-30,4000000.0,1.5
ENG-Premier League,2526,Manchester Utd,Luke Shaw,ENG,DF,30,1995,16,16,1370,15.2,0,1,1,0,0,0,2,0,0.1,0.1,0.4,0.5,22,66,16,0.0,0.07,0.07,0.0,0.07,0.01,0.03,0.03,0.01,0.03,"               0
0    Centre-Back
1  Left Midfield",2027-06-30,1000000.0,1.5
ENG-Premier League,2526,Chelsea,Enzo Fernández,ARG,MF,24,2001,16,15,1367,15.2,4,1,5,3,1,1,2,0,6.1,5.4,3.2,8.6,21,115,52,0.26,0.07,0.33,0.2,0.26,0.4,0.21,0.62,0.35,0.57,"                    0
0  Defensive Midfield
1  Attacking Midfield",2032-06-30,8500000.0,6.5
ENG-Premier League,2526,Fulham,Calvin Bassey,NGA,DF,25,1999,16,15,1359,15.1,1,0,1,1,0,0,3,0,0.6,0.6,0.1,0.7,19,51,4,0.07,0.0,0.07,0.07,0.07,0.04,0.01,0.05,0.04,0.05,,2027-06-30,2800000.0,1.5
ENG-Premier League,2526,Chelsea,João Pedro,BRA,"FW,MF",24,2001,17,16,1352,15.0,5,3,8,5,0,0,2,0,5.0,5.0,2.8,7.8,36,53,93,0.33,0.2,0.53,0.33,0.53,0.33,0.19,0.52,0.33,0.52,,2033-06-30,6500000.0,7.5
ENG-Premier League,2526,Sunderland,Nordi Mukiele,FRA,DF,28,1997,15,15,1350,15.0,1,1,2,1,0,0,3,0,0.7,0.7,0.7,1.4,8,40,35,0.07,0.07,0.13,0.07,0.13,0.05,0.05,0.09,0.05,0.09,,2029-06-30,1500000.0,3.5
ENG-Premier League,2526,Nott'ham Forest,Matz Sels,BEL,GK,33,1992,15,15,1350,15.0,0,0,0,0,0,0,1,0,0.0,0.0,0.1,0.1,0,1,0,0.0,0.0,0.0,0.0,0.0,0.0,0.01,0.01,0.0,0.01,,2027-06-30,600000.0,1.5
ENG-Premier League,2526,Nott'ham Forest,Morgan Gibbs-White,ENG,"MF,FW",25,2000,16,15,1349,15.0,3,1,4,3,0,0,0,0,3.9,3.9,0.9,4.9,34,90,114,0.2,0.07,0.27,0.2,0.27,0.26,0.06,0.32,0.26,0.32,,2028-06-30,6500000.0,2.5
ENG-Premier League,2526,Tottenham,Mohammed Kudus,GHA,"FW,MF",25,2000,16,16,1343,14.9,2,5,7,2,0,0,3,0,1.7,1.7,2.7,4.4,54,36,122,0.13,0.34,0.47,0.13,0.47,0.11,0.18,0.29,0.11,0.29,"                    0
0  Attacking Midfield
1         Left Winger",2031-06-30,5500000.0,5.5
ENG-Premier League,2526,Everton,Iliman Ndiaye,SEN,FW,25,2000,16,16,1341,14.9,4,2,6,3,1,1,2,0,3.2,2.4,2.6,5.0,53,26,97,0.27,0.13,0.4,0.2,0.34,0.21,0.18,0.39,0.16,0.34,"                0
0     Left Winger
1  Centre-Forward",2029-06-30,4500000.0,3.5
ENG-Premier League,2526,Everton,Jack Grealish,ENG,FW,30,1995,16,15,1339,14.9,2,4,6,2,0,0,3,0,2.0,2.0,3.7,5.7,78,59,121,0.13,0.27,0.4,0.13,0.4,0.13,0.25,0.38,0.13,0.38,,2026-06-30,2500000.0,0.5
ENG-Premier League,2526,Burnley,Quilindschy Hartman,NED,DF,24,2001,15,15,1337,14.9,0,4,4,0,0,0,1,0,0.2,0.2,1.5,1.7,6,44,43,0.0,0.27,0.27,0.0,0.27,0.01,0.1,0.11,0.01,0.11,,2029-06-30,1800000.0,3.5
ENG-Premier League,2526,Bournemouth,Marcus Tavernier,ENG,"MF,FW",26,1999,17,15,1335,14.8,4,2,6,3,1,1,1,0,3.9,3.1,2.2,5.3,46,77,87,0.27,0.13,0.4,0.2,0.34,0.26,0.15,0.41,0.21,0.36,"              0
0   Left Winger
1  Right Winger",2029-06-30,2000000.0,3.5
ENG-Premier League,2526,Fulham,Alex Iwobi,NGA,"MF,FW",29,1996,16,16,1328,14.8,2,2,4,2,0,0,2,0,0.8,0.8,2.1,2.8,51,86,69,0.14,0.14,0.27,0.14,0.27,0.05,0.14,0.19,0.05,0.19,,2028-06-30,2500000.0,2.5
ENG-Premier League,2526,Tottenham,Pedro Porro,ESP,DF,26,1999,17,15,1328,14.8,0,1,1,0,0,0,4,0,0.3,0.3,1.5,1.7,27,83,43,0.0,0.07,0.07,0.0,0.07,0.02,0.1,0.12,0.02,0.12,"                0
0  Right Midfield",2028-06-30,4000000.0,2.5
ENG-Premier League,2526,Aston Villa,Ezri Konsa,ENG,DF,28,1997,15,15,1325,14.7,0,0,0,0,0,0,0,1,0.3,0.3,0.1,0.4,7,44,4,0.0,0.0,0.0,0.0,0.0,0.02,0.01,0.03,0.02,0.03,,2028-06-30,3500000.0,2.5
ENG-Premier League,2526,Chelsea,Pedro Neto,POR,FW,25,2000,17,16,1324,14.7,5,3,8,5,0,0,2,0,3.0,3.0,2.9,5.9,71,45,121,0.34,0.2,0.54,0.34,0.54,0.21,0.2,0.4,0.21,0.4,,2031-06-30,6000000.0,5.5
ENG-Premier League,2526,Brentford,Kevin Schade,GER,FW,24,2001,16,15,1323,14.7,3,1,4,3,0,1,5,0,3.9,3.1,1.6,4.7,24,15,55,0.2,0.07,0.27,0.2,0.27,0.26,0.11,0.37,0.21,0.32,,2028-06-30,3500000.0,2.5
ENG-Premier League,2526,Liverpool,Ryan Gravenberch,NED,MF,23,2002,15,15,1321,14.7,3,2,5,3,0,0,3,0,0.7,0.7,1.5,2.2,32,77,28,0.2,0.14,0.34,0.2,0.34,0.05,0.1,0.15,0.05,0.15,,2028-06-30,9000000.0,2.5
ENG-Premier League,2526,Leeds United,Ethan Ampadu,WAL,MF,25,2000,15,15,1319,14.7,1,0,1,1,0,0,4,0,0.9,0.9,0.1,1.1,18,60,15,0.07,0.0,0.07,0.07,0.07,0.06,0.01,0.07,0.06,0.07,"             0
0  Centre-Back",2027-06-30,2000000.0,1.5
ENG-Premier League,2526,Fulham,Joachim Andersen,DEN,DF,29,1996,15,15,1301,14.5,0,0,0,0,0,0,1,0,0.5,0.5,0.8,1.3,9,63,4,0.0,0.0,0.0,0.0,0.0,0.04,0.05,0.09,0.04,0.09,,2029-06-30,2500000.0,3.5
ENG-Premier League,2526,West Ham,Lucas Paquetá,BRA,"MF,FW",28,1997,15,15,1286,14.3,3,0,3,2,1,1,7,1,1.9,1.1,1.6,2.8,9,88,50,0.21,0.0,0.21,0.14,0.14,0.13,0.12,0.25,0.08,0.19,,2027-06-30,3500000.0,1.5
ENG-Premier League,2526,Wolves,João Gomes,BRA,MF,24,2001,16,14,1279,14.2,0,0,0,0,0,0,6,0,0.5,0.5,0.2,0.7,22,73,25,0.0,0.0,0.0,0.0,0.0,0.03,0.02,0.05,0.03,0.05,,2030-06-30,4000000.0,4.5
ENG-Premier League,2526,Leeds United,Pascal Struijk,NED,DF,26,1999,15,14,1269,14.1,0,0,0,0,0,0,3,0,1.8,1.8,0.2,1.9,5,43,5,0.0,0.0,0.0,0.0,0.0,0.13,0.01,0.14,0.13,0.14,"                    0
0           Left-Back
1  Defensive Midfield",2027-06-30,2000000.0,1.5
ENG-Premier League,2526,Manchester City,Gianluigi Donnarumma,ITA,GK,26,1999,14,14,1260,14.0,0,0,0,0,0,0,4,0,0.0,0.0,0.0,0.0,0,0,0,0.0,0.0,0.0,0.0,0.0,0.0,0.0,0.0,0.0,0.0,,2030-06-30,4500000.0,4.5
ENG-Premier League,2526,Crystal Palace,Daniel Muñoz,COL,"DF,MF",29,1996,14,14,1259,14.0,3,2,5,3,0,0,4,0,1.8,1.8,2.5,4.3,21,29,75,0.21,0.14,0.36,0.21,0.36,0.13,0.18,0.31,0.13,0.31,,2028-06-30,2700000.0,2.5
ENG-Premier League,2526,Everton,Kiernan Dewsbury-Hall,ENG,MF,27,1998,15,15,1257,14.0,4,2,6,4,0,0,5,0,1.6,1.6,2.9,4.5,23,73,58,0.29,0.14,0.43,0.29,0.43,0.11,0.21,0.32,0.11,0.32,"                    0
0  Defensive Midfield
1  Attacking Midfield",2030-06-30,2800000.0,4.5
ENG-Premier League,2526,Arsenal,Riccardo Calafiori,ITA,DF,23,2002,16,16,1255,13.9,1,2,3,1,0,0,5,0,2.5,2.5,0.5,3.0,23,48,56,0.07,0.14,0.22,0.07,0.22,0.18,0.04,0.21,0.18,0.21,"             0
0  Centre-Back",2029-06-30,5000000.0,3.5
ENG-Premier League,2526,Everton,Vitaliy Mykolenko,UKR,DF,26,1999,14,14,1255,13.9,0,0,0,0,0,0,4,0,0.1,0.1,0.5,0.6,16,69,48,0.0,0.0,0.0,0.0,0.0,0.01,0.03,0.04,0.01,0.04,,2026-06-30,2500000.0,0.5
ENG-Premier League,2526,Newcastle Utd,Dan Burn,ENG,DF,33,1992,15,15,1255,13.9,0,2,2,0,0,0,5,1,0.1,0.1,0.3,0.4,5,39,24,0.0,0.14,0.14,0.0,0.14,0.01,0.02,0.03,0.01,0.03,"           0
0  Left-Back",2027-06-30,500000.0,1.5
ENG-Premier League,2526,Wolves,André,BRA,MF,24,2001,17,14,1245,13.8,0,0,0,0,0,0,4,0,0.2,0.2,0.3,0.5,9,48,6,0.0,0.0,0.0,0.0,0.0,0.01,0.02,0.03,0.01,0.03,,2029-06-30,2800000.0,3.5
ENG-Premier League,2526,Aston Villa,John McGinn,SCO,"FW,MF",31,1994,16,16,1234,13.7,1,1,2,1,0,0,3,0,1.0,1.0,1.9,2.9,21,58,42,0.07,0.07,0.15,0.07,0.15,0.08,0.14,0.21,0.08,0.21,"                0
0   Left Midfield
1  Right Midfield",2028-06-30,1500000.0,2.5
ENG-Premier League,2526,Manchester City,Matheus Nunes,POR,DF,27,1998,15,13,1234,13.7,1,3,4,1,0,0,2,0,0.2,0.2,0.8,1.0,33,65,65,0.07,0.22,0.29,0.07,0.29,0.02,0.05,0.07,0.02,0.07,,2028-06-30,3800000.0,2.5
ENG-Premier League,2526,Manchester City,Phil Foden,ENG,MF,25,2000,15,14,1225,13.6,7,2,9,7,0,0,3,0,4.0,4.0,2.7,6.7,21,62,69,0.51,0.15,0.66,0.51,0.66,0.3,0.2,0.49,0.3,0.49,"              0
0   Left Winger
1  Right Winger",2027-06-30,8000000.0,1.5
ENG-Premier League,2526,Brentford,Jordan Henderson,ENG,MF,35,1990,16,14,1220,13.6,1,3,4,1,0,0,3,0,0.3,0.3,1.6,2.0,6,69,16,0.07,0.22,0.3,0.07,0.3,0.02,0.12,0.15,0.02,0.15,"                  0
0  Central Midfield
1    Right Midfield",2027-06-30,200000.0,1.5
ENG-Premier League,2526,Sunderland,Enzo Le Fée,FRA,"MF,FW",25,2000,16,14,1215,13.5,2,3,5,0,2,2,4,0,2.2,0.7,1.8,2.4,24,34,69,0.15,0.22,0.37,0.0,0.22,0.16,0.13,0.3,0.05,0.18,"                    0
0  Attacking Midfield
1       Left Midfield",2029-06-30,2000000.0,3.5
ENG-Premier League,2526,Bournemouth,Bafodé Diakité,FRA,DF,24,2001,14,14,1215,13.5,0,0,0,0,0,0,1,0,0.0,0.0,0.1,0.1,4,44,3,0.0,0.0,0.0,0.0,0.0,0.0,0.01,0.01,0.0,0.01,"            0
0  Right-Back
1   Left-Back",,3500000.0,0.0
ENG-Premier League,2526,Crystal Palace,Adam Wharton,ENG,MF,21,2004,15,15,1206,13.4,0,2,2,0,0,0,2,0,0.7,0.7,3.3,4.1,15,75,11,0.0,0.15,0.15,0.0,0.15,0.06,0.25,0.3,0.06,0.3,,2029-06-30,6000000.0,3.5
ENG-Premier League,2526,Manchester Utd,Amad Diallo,CIV,"DF,MF",23,2002,15,14,1203,13.4,2,2,4,2,0,0,1,0,3.7,3.7,3.0,6.6,71,49,122,0.15,0.15,0.3,0.15,0.3,0.27,0.22,0.5,0.27,0.5,"                    0
0      Right Midfield
1  Attacking Midfield",2030-06-30,5000000.0,4.5
ENG-Premier League,2526,Wolves,Jørgen Strand Larsen,NOR,FW,25,2000,15,14,1203,13.4,1,0,1,0,1,2,1,0,2.6,1.0,0.4,1.5,4,12,40,0.07,0.0,0.07,0.0,0.0,0.2,0.03,0.23,0.08,0.11,,2030-06-30,4000000.0,4.5
ENG-Premier League,2526,Bournemouth,Tyler Adams,USA,MF,26,1999,15,15,1195,13.3,2,1,3,2,0,0,5,0,0.5,0.5,0.1,0.5,12,61,7,0.15,0.08,0.23,0.15,0.23,0.03,0.01,0.04,0.03,0.04,"                0
0  Right Midfield
1      Right-Back",2028-06-30,2500000.0,2.5
ENG-Premier League,2526,Aston Villa,Ollie Watkins,ENG,FW,29,1995,16,14,1194,13.3,3,0,3,3,0,0,0,0,4.5,4.5,1.2,5.7,27,14,87,0.23,0.0,0.23,0.23,0.23,0.34,0.09,0.43,0.34,0.43,,2028-06-30,3000000.0,2.5
ENG-Premier League,2526,Tottenham,Cristian Romero,ARG,DF,27,1998,14,13,1187,13.2,2,1,3,2,0,0,9,1,0.8,0.8,0.4,1.2,4,45,0,0.15,0.08,0.23,0.15,0.23,0.06,0.03,0.09,0.06,0.09,,2029-06-30,6000000.0,3.5
ENG-Premier League,2526,Liverpool,Mohamed Salah,EGY,"FW,MF",33,1992,14,12,1183,13.1,4,3,7,3,1,1,1,0,4.5,3.8,3.0,6.7,51,63,169,0.3,0.23,0.53,0.23,0.46,0.35,0.22,0.57,0.29,0.51,"                0
0  Second Striker
1  Centre-Forward",2027-06-30,3000000.0,1.5
ENG-Premier League,2526,Leeds United,Anton Stach,GER,MF,27,1998,15,14,1181,13.1,3,2,5,3,0,0,2,0,1.7,1.7,2.8,4.5,24,62,37,0.23,0.15,0.38,0.23,0.38,0.13,0.21,0.34,0.13,0.34,"                  0
0  Central Midfield
1       Centre-Back",2029-06-30,2000000.0,3.5
ENG-Premier League,2526,Newcastle Utd,Malick Thiaw,GER,DF,24,2001,14,13,1173,13.0,2,0,2,2,0,0,2,0,1.1,1.1,0.3,1.4,12,58,12,0.15,0.0,0.15,0.15,0.15,0.09,0.02,0.11,0.09,0.11,"                    0
0  Defensive Midfield",,4000000.0,0.0
ENG-Premier League,2526,West Ham,Alphonse Areola,FRA,GK,32,1993,13,13,1170,13.0,0,1,1,0,0,0,0,0,0.0,0.0,0.0,0.0,0,0,0,0.0,0.08,0.08,0.0,0.08,0.0,0.0,0.0,0.0,0.0,,2027-06-30,700000.0,1.5
ENG-Premier League,2526,Manchester Utd,Matthijs de Ligt,NED,DF,26,1999,13,13,1170,13.0,1,0,1,1,0,0,0,0,1.5,1.5,0.6,2.0,3,23,7,0.08,0.0,0.08,0.08,0.08,0.11,0.05,0.16,0.11,0.16,,2029-06-30,4000000.0,3.5
ENG-Premier League,2526,Brighton,Yasin Ayari,SWE,MF,22,2003,15,12,1169,13.0,1,0,1,1,0,0,0,0,1.9,1.9,0.4,2.3,11,43,21,0.08,0.0,0.08,0.08,0.08,0.15,0.03,0.17,0.15,0.17,,2027-06-30,3000000.0,1.5
ENG-Premier League,2526,Crystal Palace,Daichi Kamada,JPN,MF,29,1996,14,14,1164,12.9,0,0,0,0,0,0,1,0,0.9,0.9,1.2,2.1,20,59,39,0.0,0.0,0.0,0.0,0.0,0.07,0.09,0.16,0.07,0.16,,2026-06-30,1200000.0,0.5
ENG-Premier League,2526,Newcastle Utd,Sandro Tonali,ITA,MF,25,2000,17,14,1155,12.8,0,1,1,0,0,0,1,0,0.4,0.4,1.8,2.3,23,95,24,0.0,0.08,0.08,0.0,0.08,0.03,0.14,0.18,0.03,0.18,"                  0
0  Central Midfield",2028-06-30,7500000.0,2.5
ENG-Premier League,2526,Arsenal,Bukayo Saka,ENG,FW,24,2001,15,13,1149,12.8,4,1,5,3,1,1,1,0,4.2,3.4,3.5,6.8,58,35,177,0.31,0.08,0.39,0.23,0.31,0.33,0.27,0.6,0.26,0.53,,2027-06-30,13000000.0,1.5
ENG-Premier League,2526,West Ham,Mateus Fernandes,POR,"MF,FW",21,2004,15,14,1145,12.7,2,1,3,2,0,0,1,0,0.9,0.9,1.1,2.1,16,43,18,0.16,0.08,0.24,0.16,0.24,0.07,0.09,0.16,0.07,0.16,,,3200000.0,0.0
ENG-Premier League,2526,Bournemouth,Evanilson,BRA,FW,26,1999,15,13,1145,12.7,2,0,2,2,0,0,1,0,4.1,4.1,1.1,5.3,8,12,49,0.16,0.0,0.16,0.16,0.16,0.32,0.09,0.42,0.32,0.42,,,4000000.0,0.0
ENG-Premier League,2526,Manchester City,Bernardo Silva,POR,MF,31,1994,17,13,1142,12.7,0,2,2,0,0,0,4,0,0.2,0.2,2.0,2.2,25,59,52,0.0,0.16,0.16,0.0,0.16,0.02,0.16,0.18,0.02,0.18,"                  0
0      Right Winger
1  Central Midfield",2026-06-30,2700000.0,0.5
ENG-Premier League,2526,Liverpool,Cody Gakpo,NED,FW,26,1999,15,13,1136,12.6,4,3,7,4,0,0,0,0,4.1,4.1,3.7,7.9,53,40,140,0.32,0.24,0.55,0.32,0.55,0.33,0.3,0.62,0.33,0.62,,2030-06-30,7000000.0,4.5
ENG-Premier League,2526,Brighton,Mats Wieffer,NED,DF,26,1999,15,13,1136,12.6,0,3,3,0,0,0,4,0,1.0,1.0,3.0,4.0,25,72,44,0.0,0.24,0.24,0.0,0.24,0.08,0.24,0.31,0.08,0.31,"                  0
0  Central Midfield
1       Centre-Back",2029-06-30,2500000.0,3.5
ENG-Premier League,2526,Burnley,Jaidon Anthony,ENG,"MF,FW",26,1999,17,14,1125,12.5,4,1,5,4,0,0,3,0,2.4,2.4,0.6,2.9,25,17,63,0.32,0.08,0.4,0.32,0.4,0.19,0.05,0.23,0.19,0.23,,2029-06-30,1500000.0,3.5
ENG-Premier League,2526,Fulham,Kenny Tete,NED,DF,30,1995,13,13,1124,12.5,1,0,1,1,0,0,2,0,0.3,0.3,0.3,0.6,14,47,24,0.08,0.0,0.08,0.08,0.08,0.02,0.02,0.05,0.02,0.05,,2028-06-30,1100000.0,2.5
ENG-Premier League,2526,Liverpool,Milos Kerkez,HUN,DF,22,2003,16,14,1121,12.5,1,0,1,1,0,0,3,0,1.0,1.0,0.9,1.9,20,58,71,0.08,0.0,0.08,0.08,0.08,0.08,0.07,0.15,0.08,0.15,,2030-06-30,4000000.0,4.5
ENG-Premier League,2526,Sunderland,Omar Alderete,PAR,DF,28,1996,13,12,1118,12.4,1,1,2,1,0,0,2,0,1.0,1.0,0.1,1.1,12,46,3,0.08,0.08,0.16,0.08,0.16,0.08,0.01,0.09,0.08,0.09,,2029-06-30,1200000.0,3.5
ENG-Premier League,2526,Chelsea,Reece James,ENG,"DF,MF",26,1999,16,12,1114,12.4,2,3,5,2,0,0,2,0,0.7,0.7,2.1,2.8,17,69,26,0.16,0.24,0.4,0.16,0.4,0.06,0.17,0.23,0.06,0.23,,2028-06-30,5000000.0,2.5
ENG-Premier League,2526,Fulham,Ryan Sessegnon,ENG,DF,25,2000,13,13,1106,12.3,2,0,2,2,0,0,0,0,0.9,0.9,1.0,1.8,27,42,56,0.16,0.0,0.16,0.16,0.16,0.07,0.08,0.15,0.07,0.15,"               0
0  Left Midfield
1    Left Winger",2026-06-30,2000000.0,0.5
ENG-Premier League,2526,Manchester City,Tijjani Reijnders,NED,MF,27,1998,16,13,1099,12.2,3,2,5,3,0,0,2,0,3.0,3.0,2.0,5.0,32,51,47,0.25,0.16,0.41,0.25,0.41,0.24,0.17,0.41,0.24,0.41,"                    0
0  Defensive Midfield
1  Attacking Midfield",2030-06-30,6500000.0,4.5
ENG-Premier League,2526,Newcastle Utd,Nick Woltemade,GER,FW,23,2002,14,14,1094,12.2,7,1,8,6,1,1,0,0,5.9,5.1,0.9,6.0,5,14,49,0.58,0.08,0.66,0.49,0.58,0.49,0.07,0.56,0.42,0.5,,2031-07-01,7000000.0,5.5
ENG-Premier League,2526,Liverpool,Alexis Mac Allister,ARG,MF,26,1998,16,14,1094,12.2,0,2,2,0,0,0,2,0,1.5,1.5,1.4,2.9,18,48,35,0.0,0.16,0.16,0.0,0.16,0.12,0.11,0.24,0.12,0.24,"                    0
0  Attacking Midfield
1  Defensive Midfield",2028-06-30,8500000.0,2.5
ENG-Premier League,2526,Tottenham,João Palhinha,POR,MF,30,1995,16,12,1088,12.1,2,2,4,2,0,0,3,0,0.8,0.8,0.1,0.9,6,38,11,0.17,0.17,0.33,0.17,0.33,0.06,0.01,0.07,0.06,0.07,,2026-06-30,2500000.0,0.5
ENG-Premier League,2526,Liverpool,Florian Wirtz,GER,"MF,FW",22,2003,16,12,1086,12.1,0,1,1,0,0,0,1,0,2.2,2.2,1.7,3.9,25,78,112,0.0,0.08,0.08,0.0,0.08,0.18,0.14,0.32,0.18,0.32,,2030-06-30,11000000.0,4.5
ENG-Premier League,2526,Brighton,Georginio Rutter,FRA,"MF,FW",23,2002,15,13,1082,12.0,1,2,3,1,0,0,2,0,1.7,1.7,2.4,4.1,24,56,57,0.08,0.17,0.25,0.08,0.25,0.14,0.2,0.34,0.14,0.34,"                0
0  Second Striker
1    Right Winger",2028-06-30,3200000.0,2.5
ENG-Premier League,2526,Leeds United,Lucas Perri,BRA,GK,28,1997,12,12,1080,12.0,0,0,0,0,0,0,2,0,0.0,0.0,0.0,0.0,0,0,0,0.0,0.0,0.0,0.0,0.0,0.0,0.0,0.0,0.0,0.0,,2029-06-30,1600000.0,3.5
ENG-Premier League,2526,Aston Villa,Emiliano Martínez,ARG,GK,33,1992,12,12,1080,12.0,0,0,0,0,0,0,1,0,0.0,0.0,0.0,0.0,0,2,0,0.0,0.0,0.0,0.0,0.0,0.0,0.0,0.0,0.0,0.0,,2029-06-30,1500000.0,3.5
ENG-Premier League,2526,Liverpool,Alisson,BRA,GK,33,1992,12,12,1080,12.0,0,0,0,0,0,0,0,0,0.0,0.0,0.0,0.0,0,4,0,0.0,0.0,0.0,0.0,0.0,0.0,0.0,0.0,0.0,0.0,,2027-06-30,1700000.0,1.5
ENG-Premier League,2526,Wolves,Sam Johnstone,ENG,GK,32,1993,12,12,1080,12.0,0,0,0,0,0,0,0,0,0.0,0.0,0.0,0.0,0,1,0,0.0,0.0,0.0,0.0,0.0,0.0,0.0,0.0,0.0,0.0,,2028-06-30,500000.0,2.5
ENG-Premier League,2526,Bournemouth,Alex Scott,ENG,MF,22,2003,17,14,1074,11.9,1,0,1,1,0,0,2,0,0.8,0.8,0.5,1.3,24,41,27,0.08,0.0,0.08,0.08,0.08,0.07,0.04,0.11,0.07,0.11,"                    0
0  Attacking Midfield
1      Right Midfield",2028-06-30,3000000.0,2.5
ENG-Premier League,2526,Tottenham,Djed Spence,ENG,DF,25,2000,14,13,1073,11.9,0,0,0,0,0,0,2,0,0.6,0.6,0.6,1.2,38,48,50,0.0,0.0,0.0,0.0,0.0,0.05,0.05,0.1,0.05,0.1,,2029-06-30,3200000.0,3.5
ENG-Premier League,2526,Chelsea,Moisés Caicedo,ECU,MF,24,2001,13,12,1072,11.9,3,1,4,3,0,0,3,1,0.6,0.6,1.0,1.6,10,69,7,0.25,0.08,0.34,0.25,0.34,0.05,0.08,0.13,0.05,0.13,"                  0
0  Central Midfield
1        Right-Back",2031-06-30,11000000.0,5.5
ENG-Premier League,2526,Aston Villa,Boubacar Kamara,FRA,MF,26,1999,14,13,1071,11.9,1,3,4,1,0,0,4,0,0.2,0.2,0.7,0.9,9,59,7,0.08,0.25,0.34,0.08,0.34,0.02,0.06,0.08,0.02,0.08,,2030-06-30,4000000.0,4.5
ENG-Premier League,2526,Newcastle Utd,Nick Pope,ENG,GK,33,1992,12,12,1066,11.8,0,0,0,0,0,0,1,0,0.0,0.0,0.0,0.0,0,0,0,0.0,0.0,0.0,0.0,0.0,0.0,0.0,0.0,0.0,0.0,,2026-06-30,700000.0,0.5
ENG-Premier League,2526,Fulham,Harry Wilson,WAL,FW,28,1997,15,13,1066,11.8,5,3,8,5,0,0,2,0,2.4,2.4,1.8,4.2,10,28,80,0.42,0.25,0.68,0.42,0.68,0.2,0.15,0.35,0.2,0.35,"                    0
0         Left Winger
1  Attacking Midfield",2026-06-30,2000000.0,0.5
ENG-Premier League,2526,Brentford,Dango Ouattara,BFA,FW,23,2002,15,12,1062,11.8,3,0,3,3,0,0,3,0,3.5,3.5,1.1,4.6,28,18,80,0.25,0.0,0.25,0.25,0.25,0.29,0.09,0.39,0.29,0.39,"               0
0  Left Midfield
1   Right Winger",2030-06-30,3500000.0,4.5
ENG-Premier League,2526,Tottenham,Rodrigo Bentancur,URU,MF,28,1997,16,13,1055,11.7,1,1,2,1,0,0,4,0,0.4,0.4,0.8,1.2,7,33,16,0.09,0.09,0.17,0.09,0.17,0.03,0.07,0.1,0.03,0.1,"                    0
0  Defensive Midfield",,2700000.0,0.0
ENG-Premier League,2526,Brentford,Mikkel Damsgaard,DEN,MF,25,2000,15,12,1032,11.5,1,2,3,1,0,0,0,0,1.0,1.0,2.2,3.1,18,58,49,0.09,0.17,0.26,0.09,0.26,0.08,0.19,0.27,0.08,0.27,,2030-06-30,3000000.0,4.5
ENG-Premier League,2526,Leeds United,Dominic Calvert-Lewin,ENG,FW,28,1997,15,11,1030,11.4,7,0,7,6,1,1,0,0,6.5,5.7,1.1,6.8,8,12,53,0.61,0.0,0.61,0.52,0.52,0.57,0.1,0.67,0.5,0.6,,2028-06-30,1500000.0,2.5
ENG-Premier League,2526,West Ham,Jean-Clair Todibo,FRA,DF,25,1999,12,12,1026,11.4,0,1,1,0,0,0,2,0,0.0,0.0,0.3,0.4,7,27,2,0.0,0.09,0.09,0.0,0.09,0.0,0.03,0.03,0.0,0.03,,,2300000.0,0.0
ENG-Premier League,2526,Sunderland,Reinildo Mandava,MOZ,DF,31,1994,12,12,1022,11.4,0,0,0,0,0,0,4,1,0.1,0.1,0.0,0.1,18,41,25,0.0,0.0,0.0,0.0,0.0,0.01,0.0,0.01,0.01,0.01,,2027-06-30,500000.0,1.5
ENG-Premier League,2526,Arsenal,Viktor Gyökeres,SWE,FW,27,1998,15,12,1016,11.3,5,0,5,3,2,2,3,0,5.5,3.9,1.1,5.0,11,13,64,0.44,0.0,0.44,0.27,0.27,0.49,0.1,0.59,0.35,0.45,,2030-06-30,7000000.0,4.5
ENG-Premier League,2526,Wolves,Emmanuel Agbadou,CIV,DF,28,1997,13,11,1011,11.2,0,0,0,0,0,0,1,1,0.5,0.5,0.2,0.6,5,37,7,0.0,0.0,0.0,0.0,0.0,0.04,0.01,0.06,0.04,0.06,"                    0
0  Defensive Midfield",2029-06-30,1800000.0,3.5
ENG-Premier League,2526,West Ham,Aaron Wan-Bissaka,COD,DF,28,1997,12,11,1011,11.2,0,0,0,0,0,0,2,0,0.0,0.0,0.6,0.6,24,37,50,0.0,0.0,0.0,0.0,0.0,0.0,0.06,0.06,0.0,0.06,,2031-06-30,2200000.0,5.5
ENG-Premier League,2526,Nott'ham Forest,Dan Ndoye,SUI,FW,25,2000,15,14,996,11.1,1,1,2,1,0,0,1,0,0.8,0.8,1.0,1.8,42,25,95,0.09,0.09,0.18,0.09,0.18,0.07,0.09,0.16,0.07,0.16,"                0
0  Right Midfield
1     Left Winger",2030-06-30,4000000.0,4.5
ENG-Premier League,2526,Arsenal,William Saliba,FRA,DF,24,2001,13,12,994,11.0,0,0,0,0,0,0,0,0,0.3,0.3,0.1,0.3,4,47,4,0.0,0.0,0.0,0.0,0.0,0.02,0.01,0.03,0.02,0.03,,2030-06-30,9000000.0,4.5
ENG-Premier League,2526,Aston Villa,Lucas Digne,FRA,DF,32,1993,15,12,990,11.0,0,3,3,0,0,0,2,0,0.4,0.4,0.9,1.3,11,27,73,0.0,0.27,0.27,0.0,0.27,0.04,0.09,0.12,0.04,0.12,"               0
0  Left Midfield",2028-06-30,800000.0,2.5
ENG-Premier League,2526,Arsenal,Gabriel Magalhães,BRA,DF,28,1997,11,11,990,11.0,1,2,3,1,0,0,1,0,0.8,0.8,1.4,2.2,6,39,1,0.09,0.18,0.27,0.09,0.27,0.07,0.13,0.2,0.07,0.2,,2029-06-30,7500000.0,3.5
ENG-Premier League,2526,Tottenham,Richarlison,BRA,FW,28,1997,17,10,989,11.0,7,2,9,7,0,0,4,0,3.5,3.5,1.4,4.9,9,16,43,0.64,0.18,0.82,0.64,0.82,0.31,0.13,0.45,0.31,0.45,"              0
0   Left Winger
1  Right Winger",2027-06-30,2800000.0,1.5
ENG-Premier League,2526,Brighton,Danny Welbeck,ENG,FW,35,1990,16,11,989,11.0,7,0,7,7,0,1,2,0,5.6,4.8,0.3,5.1,8,9,42,0.64,0.0,0.64,0.64,0.64,0.51,0.03,0.54,0.44,0.47,"             0
0  Left Winger",2026-06-30,400000.0,0.5
ENG-Premier League,2526,Manchester Utd,Casemiro,BRA,MF,33,1992,15,14,988,11.0,4,1,5,4,0,0,7,1,2.6,2.6,0.7,3.3,7,58,18,0.36,0.09,0.46,0.36,0.46,0.24,0.07,0.3,0.24,0.3,,2026-06-30,800000.0,0.5
ENG-Premier League,2526,Burnley,Lesley Ugochukwu,FRA,MF,21,2004,16,11,965,10.7,3,0,3,3,0,0,2,1,2.0,2.0,0.3,2.3,14,28,27,0.28,0.0,0.28,0.28,0.28,0.19,0.03,0.21,0.19,0.21,"                    0
0    Central Midfield
1  Attacking Midfield",2030-06-30,2500000.0,4.5
ENG-Premier League,2526,Brighton,Diego Gómez,PAR,"MF,FW",22,2003,15,11,959,10.7,2,0,2,2,0,0,5,0,3.7,3.7,1.3,5.0,10,26,32,0.19,0.0,0.19,0.19,0.19,0.34,0.13,0.47,0.34,0.47,"                    0
0  Attacking Midfield
1      Right Midfield",,2500000.0,0.0
ENG-Premier League,2526,Manchester Utd,Diogo Dalot,POR,DF,26,1999,14,11,957,10.6,1,2,3,1,0,0,1,0,0.6,0.6,2.2,2.8,23,37,72,0.09,0.19,0.28,0.09,0.28,0.06,0.21,0.26,0.06,0.26,"                0
0       Left-Back
1  Right Midfield",2028-06-30,2800000.0,2.5
ENG-Premier League,2526,Aston Villa,Pau Torres,ESP,DF,28,1997,12,10,954,10.6,0,0,0,0,0,0,0,0,0.2,0.2,0.0,0.2,10,41,3,0.0,0.0,0.0,0.0,0.0,0.01,0.0,0.01,0.01,0.01,,2028-06-30,2500000.0,2.5
ENG-Premier League,2526,Chelsea,Malo Gusto,FRA,"DF,MF",22,2003,15,10,944,10.5,2,2,4,2,0,0,3,1,1.2,1.2,1.2,2.3,13,52,37,0.19,0.19,0.38,0.19,0.38,0.11,0.11,0.22,0.11,0.22,,2030-06-30,3500000.0,4.5
ENG-Premier League,2526,Manchester Utd,Matheus Cunha,BRA,"MF,FW",26,1999,13,11,939,10.4,2,1,3,2,0,0,0,0,3.7,3.7,1.3,5.1,32,40,50,0.19,0.1,0.29,0.19,0.29,0.36,0.13,0.48,0.36,0.48,,2030-06-30,7000000.0,4.5
ENG-Premier League,2526,Newcastle Utd,Joelinton,BRA,MF,29,1996,13,12,934,10.4,0,0,0,0,0,0,3,0,0.7,0.7,1.1,1.8,14,53,38,0.0,0.0,0.0,0.0,0.0,0.07,0.11,0.18,0.07,0.18,"                    0
0  Attacking Midfield
1         Left Winger",2028-06-30,3000000.0,2.5
ENG-Premier League,2526,Sunderland,Wilson Isidor,FRA,FW,25,2000,17,11,921,10.2,4,0,4,4,0,0,1,0,3.3,3.3,0.0,3.3,9,9,42,0.39,0.0,0.39,0.39,0.39,0.32,0.0,0.32,0.32,0.32,"              0
0  Right Winger
1   Left Winger",2028-06-30,1800000.0,2.5
ENG-Premier League,2526,Manchester Utd,Leny Yoro,FRA,DF,20,2005,16,10,920,10.2,0,0,0,0,0,0,0,0,0.3,0.3,0.0,0.3,12,46,4,0.0,0.0,0.0,0.0,0.0,0.03,0.0,0.03,0.03,0.03,,2029-06-30,5500000.0,3.5
ENG-Premier League,2526,Leeds United,Brenden Aaronson,USA,"FW,MF",25,2000,16,10,911,10.1,1,2,3,1,0,0,1,0,2.1,2.1,1.5,3.6,21,26,56,0.1,0.2,0.3,0.1,0.3,0.21,0.15,0.35,0.21,0.35,,2027-06-30,1500000.0,1.5
ENG-Premier League,2526,Arsenal,Eberechi Eze,ENG,"MF,FW",27,1998,14,11,910,10.1,4,2,6,4,0,0,0,0,2.3,2.3,1.2,3.5,24,42,44,0.4,0.2,0.59,0.4,0.59,0.22,0.12,0.34,0.22,0.34,,2029-06-30,6500000.0,3.5
ENG-Premier League,2526,Manchester Utd,Senne Lammens,BEL,GK,23,2002,10,10,900,10.0,0,0,0,0,0,0,0,0,0.0,0.0,0.0,0.0,0,2,0,0.0,0.0,0.0,0.0,0.0,0.0,0.0,0.0,0.0,0.0,,2030-06-30,2500000.0,4.5
ENG-Premier League,2526,Brighton,Carlos Baleba,CMR,MF,21,2004,16,14,896,10.0,0,0,0,0,0,0,4,0,0.2,0.2,0.1,0.3,10,24,8,0.0,0.0,0.0,0.0,0.0,0.02,0.01,0.03,0.02,0.03,,2028-06-30,6000000.0,2.5
ENG-Premier League,2526,Burnley,Hjalmar Ekdal,SWE,DF,27,1998,11,10,892,9.9,0,0,0,0,0,0,0,0,0.2,0.2,0.1,0.4,2,17,1,0.0,0.0,0.0,0.0,0.0,0.02,0.01,0.04,0.02,0.04,,2027-06-30,600000.0,1.5
ENG-Premier League,2526,Sunderland,Chemsdine Talbi,MAR,"FW,MF",20,2005,16,9,886,9.8,2,1,3,2,0,0,0,0,1.2,1.2,0.3,1.5,24,10,55,0.2,0.1,0.3,0.2,0.3,0.12,0.03,0.15,0.12,0.15,,2030-06-30,2200000.0,4.5
ENG-Premier League,2526,Leeds United,Sean Longstaff,ENG,MF,28,1997,12,10,878,9.8,1,2,3,1,0,0,1,0,0.7,0.7,2.1,2.8,3,31,14,0.1,0.21,0.31,0.1,0.31,0.08,0.21,0.29,0.08,0.29,"                    0
0  Attacking Midfield
1  Defensive Midfield",2029-06-30,1800000.0,3.5
ENG-Premier League,2526,West Ham,Crysencio Summerville,NED,"FW,MF",24,2001,12,11,876,9.7,0,1,1,0,0,0,3,0,1.6,1.6,0.3,1.9,21,27,54,0.0,0.1,0.1,0.0,0.1,0.17,0.03,0.2,0.17,0.2,,2029-06-30,2200000.0,3.5
ENG-Premier League,2526,Wolves,Marshall Munetsi,ZIM,"MF,FW",29,1996,13,9,875,9.7,1,1,2,1,0,0,2,0,1.6,1.6,0.5,2.1,11,18,37,0.1,0.1,0.21,0.1,0.21,0.17,0.05,0.22,0.17,0.22,"                    0
0  Defensive Midfield
1  Attacking Midfield",2028-06-30,1200000.0,2.5
ENG-Premier League,2526,Arsenal,Leandro Trossard,BEL,FW,31,1994,13,9,873,9.7,4,3,7,4,0,0,0,0,2.8,2.8,1.2,4.0,26,39,97,0.41,0.31,0.72,0.41,0.72,0.28,0.13,0.41,0.28,0.41,"                0
0  Second Striker
1  Centre-Forward",2027-06-30,2000000.0,1.5
ENG-Premier League,2526,Fulham,Raúl Jiménez,MEX,FW,34,1991,15,11,872,9.7,2,2,4,2,0,0,2,0,2.7,2.7,0.7,3.5,4,19,35,0.21,0.21,0.41,0.21,0.41,0.28,0.08,0.36,0.28,0.36,,2026-06-30,400000.0,0.5
ENG-Premier League,2526,Burnley,Lyle Foster,RSA,FW,25,2000,13,11,868,9.6,2,1,3,2,0,0,2,0,1.6,1.6,0.8,2.4,13,12,55,0.21,0.1,0.31,0.21,0.31,0.17,0.08,0.25,0.17,0.25,,2028-06-30,1000000.0,2.5
ENG-Premier League,2526,West Ham,Konstantinos Mavropanos,GRE,DF,28,1997,11,9,867,9.6,0,0,0,0,0,0,1,0,0.6,0.6,0.0,0.6,2,23,0,0.0,0.0,0.0,0.0,0.0,0.07,0.0,0.07,0.07,0.07,,2028-06-30,1500000.0,2.5
ENG-Premier League,2526,Nott'ham Forest,Ibrahim Sangaré,CIV,MF,28,1997,13,11,865,9.6,2,2,4,2,0,0,2,0,0.7,0.7,0.9,1.7,10,58,5,0.21,0.21,0.42,0.21,0.42,0.08,0.1,0.17,0.08,0.17,,2028-06-30,2200000.0,2.5
ENG-Premier League,2526,Leeds United,Noah Okafor,SUI,FW,25,2000,14,11,858,9.5,2,0,2,2,0,0,2,0,2.4,2.4,0.8,3.2,28,22,68,0.21,0.0,0.21,0.21,0.21,0.25,0.09,0.34,0.25,0.34,"                0
0  Centre-Forward
1    Right Winger",2029-06-30,1800000.0,3.5
ENG-Premier League,2526,Nott'ham Forest,Nicolò Savona,ITA,DF,22,2003,11,9,836,9.3,2,0,2,2,0,0,2,0,1.3,1.3,0.4,1.6,9,25,33,0.22,0.0,0.22,0.22,0.22,0.14,0.04,0.18,0.14,0.18,"                0
0     Centre-Back
1  Right Midfield",2030-06-30,1500000.0,4.5
ENG-Premier League,2526,Tottenham,Xavi Simons,NED,"MF,FW",22,2003,14,9,834,9.3,1,2,3,1,0,0,2,1,0.8,0.8,1.5,2.4,32,59,45,0.11,0.22,0.32,0.11,0.32,0.09,0.17,0.25,0.09,0.25,,2030-06-30,6000000.0,4.5
ENG-Premier League,2526,Wolves,Hugo Bueno,ESP,"DF,MF",23,2002,14,8,832,9.2,0,0,0,0,0,0,1,0,0.2,0.2,1.0,1.2,32,25,56,0.0,0.0,0.0,0.0,0.0,0.02,0.11,0.13,0.02,0.13,"               0
0  Left Midfield",2028-06-30,1000000.0,2.5
ENG-Premier League,2526,Nott'ham Forest,Murillo,BRA,DF,23,2002,10,10,829,9.2,1,0,1,1,0,0,2,0,0.3,0.3,0.2,0.4,3,42,0,0.11,0.0,0.11,0.11,0.11,0.03,0.02,0.05,0.03,0.05,,2029-06-30,5500000.0,3.5
ENG-Premier League,2526,Newcastle Utd,Jacob Murphy,ENG,FW,30,1995,14,10,827,9.2,2,1,3,2,0,0,0,0,2.5,2.5,3.4,5.9,23,25,103,0.22,0.11,0.33,0.22,0.33,0.27,0.37,0.64,0.27,0.64,"                0
0     Left Winger
1  Right Midfield",2027-06-30,1500000.0,1.5
ENG-Premier League,2526,Everton,Thierno Barry,FRA,FW,23,2002,17,10,824,9.2,1,0,1,1,0,0,2,0,2.7,2.7,0.4,3.1,6,5,44,0.11,0.0,0.11,0.11,0.11,0.3,0.04,0.34,0.3,0.34,,2029-06-30,3000000.0,3.5
ENG-Premier League,2526,Wolves,Jhon Arias,COL,"FW,MF",28,1997,16,10,812,9.0,0,0,0,0,0,0,1,0,2.7,2.7,0.5,3.1,16,27,36,0.0,0.0,0.0,0.0,0.0,0.3,0.05,0.35,0.3,0.35,,2029-06-30,1500000.0,3.5
ENG-Premier League,2526,Wolves,Jackson Tchatchoua,CMR,"DF,MF",24,2001,16,7,811,9.0,0,0,0,0,0,0,0,0,0.3,0.3,1.0,1.3,13,11,57,0.0,0.0,0.0,0.0,0.0,0.03,0.11,0.14,0.03,0.14,"                0
0   Left Midfield
1  Right Midfield",2030-06-30,1200000.0,4.5
ENG-Premier League,2526,Bournemouth,Álex Jiménez,ESP,"DF,FW",20,2005,13,9,799,8.9,0,0,0,0,0,0,4,0,0.3,0.3,0.4,0.7,35,38,37,0.0,0.0,0.0,0.0,0.0,0.04,0.04,0.08,0.04,0.08,,2026-06-30,1800000.0,0.5
ENG-Premier League,2526,Nott'ham Forest,Callum Hudson-Odoi,ENG,FW,25,2000,15,7,778,8.6,3,1,4,3,0,0,0,0,1.6,1.6,2.0,3.6,49,32,100,0.35,0.12,0.46,0.35,0.46,0.18,0.23,0.41,0.18,0.41,,2028-06-30,3000000.0,2.5
ENG-Premier League,2526,Fulham,Saša Lukić,SRB,MF,29,1996,13,10,771,8.6,1,1,2,1,0,0,5,0,1.5,1.5,1.2,2.7,15,23,25,0.12,0.12,0.23,0.12,0.23,0.17,0.14,0.32,0.17,0.32,,2027-06-30,1200000.0,1.5
ENG-Premier League,2526,Arsenal,Mikel Merino,ESP,"FW,MF",29,1996,16,8,767,8.5,3,3,6,3,0,0,0,0,1.9,1.9,0.9,2.8,10,26,30,0.35,0.35,0.7,0.35,0.7,0.23,0.1,0.33,0.23,0.33,,2028-06-30,3000000.0,2.5
ENG-Premier League,2526,Brighton,Maxim De Cuyper,BEL,"DF,FW",24,2000,14,9,767,8.5,2,0,2,2,0,0,1,0,1.4,1.4,1.6,3.0,14,40,43,0.23,0.0,0.23,0.23,0.23,0.16,0.19,0.35,0.16,0.35,,2030-06-30,2200000.0,4.5
ENG-Premier League,2526,Wolves,Santiago Bueno,URU,DF,27,1998,9,8,755,8.4,1,0,1,1,0,0,2,0,0.8,0.8,0.1,0.9,4,23,1,0.12,0.0,0.12,0.12,0.12,0.1,0.01,0.1,0.1,0.1,,2028-06-30,1000000.0,2.5
ENG-Premier League,2526,Nott'ham Forest,Igor Jesus,BRA,FW,24,2001,15,8,753,8.4,1,0,1,1,0,0,0,0,2.6,2.6,0.9,3.6,6,14,40,0.12,0.0,0.12,0.12,0.12,0.31,0.11,0.43,0.31,0.43,,2029-06-30,2000000.0,3.5
ENG-Premier League,2526,Newcastle Utd,Fabian Schär,SUI,DF,34,1991,12,7,746,8.3,0,0,0,0,0,0,1,0,0.3,0.3,0.1,0.4,6,36,6,0.0,0.0,0.0,0.0,0.0,0.04,0.01,0.05,0.04,0.05,,2026-06-30,600000.0,0.5
ENG-Premier League,2526,Newcastle Utd,Harvey Barnes,ENG,FW,28,1997,16,7,740,8.2,3,0,3,3,0,0,0,0,3.5,3.5,1.2,4.7,31,28,80,0.36,0.0,0.36,0.36,0.36,0.42,0.14,0.57,0.42,0.57,,2028-06-30,3200000.0,2.5
ENG-Premier League,2526,West Ham,Freddie Potts,ENG,MF,22,2003,12,7,736,8.2,0,1,1,0,0,0,1,0,0.2,0.2,1.1,1.3,3,25,7,0.0,0.12,0.12,0.0,0.12,0.03,0.13,0.15,0.03,0.15,,2029-06-30,800000.0,3.5
ENG-Premier League,2526,Liverpool,Curtis Jones,ENG,MF,24,2001,15,6,733,8.1,0,0,0,0,0,0,1,0,0.5,0.5,0.6,1.0,25,87,24,0.0,0.0,0.0,0.0,0.0,0.06,0.07,0.13,0.06,0.13,,2027-06-30,4000000.0,1.5
ENG-Premier League,2526,Aston Villa,Amadou Onana,BEL,MF,24,2001,11,9,728,8.1,2,0,2,2,0,0,2,0,0.4,0.4,0.0,0.4,8,37,4,0.25,0.0,0.25,0.25,0.25,0.05,0.0,0.06,0.05,0.06,"                  0
0  Central Midfield",2029-06-30,4200000.0,3.5
ENG-Premier League,2526,Bournemouth,David Brooks,WAL,"FW,MF",28,1997,15,9,722,8.0,0,1,1,0,0,0,6,0,2.6,2.6,1.8,4.3,22,28,79,0.0,0.12,0.12,0.0,0.12,0.32,0.22,0.54,0.32,0.54,"                    0
0  Attacking Midfield
1      Second Striker",2029-06-30,1200000.0,3.5
ENG-Premier League,2526,Burnley,Jacob Bruun Larsen,DEN,"FW,MF",27,1998,15,7,718,8.0,0,1,1,0,0,0,0,0,0.6,0.6,1.3,1.9,15,17,53,0.0,0.13,0.13,0.0,0.13,0.07,0.17,0.24,0.07,0.24,"                    0
0        Right Winger
1  Attacking Midfield",2029-06-30,500000.0,3.5
ENG-Premier League,2526,Manchester Utd,Patrick Dorgu,DEN,DF,21,2004,15,7,715,7.9,0,1,1,0,0,0,4,0,0.7,0.7,1.2,1.8,26,11,63,0.0,0.13,0.13,0.0,0.13,0.08,0.15,0.23,0.08,0.23,"                0
0   Left Midfield
1  Right Midfield",2030-06-30,3000000.0,4.5
ENG-Premier League,2526,Bournemouth,Justin Kluivert,NED,MF,26,1999,15,8,712,7.9,1,0,1,1,0,0,3,0,0.6,0.6,0.9,1.5,15,26,60,0.13,0.0,0.13,0.13,0.13,0.07,0.11,0.19,0.07,0.19,"              0
0   Left Winger
1  Right Winger",2028-06-30,3200000.0,2.5
ENG-Premier League,2526,Everton,Beto,GNB,FW,27,1998,17,7,711,7.9,1,0,1,1,0,0,1,0,4.3,4.3,0.4,4.7,3,2,31,0.13,0.0,0.13,0.13,0.13,0.54,0.05,0.59,0.54,0.59,,2027-06-30,2000000.0,1.5
ENG-Premier League,2526,Nott'ham Forest,Morato,BRA,DF,24,2001,9,8,709,7.9,0,0,0,0,0,0,4,0,0.0,0.0,0.0,0.0,3,31,1,0.0,0.0,0.0,0.0,0.0,0.0,0.0,0.0,0.0,0.0,"           0
0  Left-Back",2029-06-30,1400000.0,3.5
ENG-Premier League,2526,Tottenham,Pape Matar Sarr,SEN,MF,23,2002,14,7,709,7.9,2,2,4,2,0,0,0,0,1.0,1.0,0.7,1.7,14,27,25,0.25,0.25,0.51,0.25,0.51,0.13,0.09,0.22,0.13,0.22,"                    0
0  Defensive Midfield",2030-06-30,3500000.0,4.5
ENG-Premier League,2526,Burnley,Axel Tuanzebe,COD,DF,28,1997,8,8,706,7.8,0,0,0,0,0,0,1,0,0.0,0.0,0.0,0.0,3,16,3,0.0,0.0,0.0,0.0,0.0,0.0,0.0,0.0,0.0,0.0,"            0
0  Right-Back",,500000.0,0.0
ENG-Premier League,2526,Burnley,Josh Laurent,ENG,"DF,MF",30,1995,14,7,700,7.8,0,0,0,0,0,0,2,0,0.2,0.2,0.2,0.3,9,17,14,0.0,0.0,0.0,0.0,0.0,0.02,0.02,0.04,0.02,0.04,"                    0
0  Attacking Midfield
1  Defensive Midfield",2026-06-30,200000.0,0.5
ENG-Premier League,2526,Newcastle Utd,Kieran Trippier,ENG,DF,35,1990,9,8,699,7.8,0,0,0,0,0,0,1,0,0.0,0.0,0.8,0.8,11,75,40,0.0,0.0,0.0,0.0,0.0,0.0,0.1,0.1,0.0,0.1,"                0
0  Right Midfield",2026-06-30,250000.0,0.5
ENG-Premier League,2526,Aston Villa,Youri Tielemans,BEL,MF,28,1997,10,8,693,7.7,0,2,2,0,0,0,0,0,0.7,0.7,1.6,2.3,10,44,19,0.0,0.26,0.26,0.0,0.26,0.09,0.21,0.29,0.09,0.29,,2027-06-30,3500000.0,1.5
ENG-Premier League,2526,Wolves,Jean-Ricner Bellegarde,HAI,"MF,FW",27,1998,14,9,689,7.7,1,0,1,1,0,0,1,0,0.8,0.8,0.4,1.2,26,40,22,0.13,0.0,0.13,0.13,0.13,0.11,0.05,0.16,0.11,0.16,"                    0
0  Defensive Midfield
1  Attacking Midfield",2028-06-30,1600000.0,2.5
ENG-Premier League,2526,Newcastle Utd,Anthony Gordon,ENG,FW,24,2001,12,10,686,7.6,2,1,3,0,2,2,0,1,4.0,2.4,1.9,4.3,37,30,62,0.26,0.13,0.39,0.0,0.13,0.52,0.25,0.77,0.32,0.56,,,6000000.0,0.0
ENG-Premier League,2526,Newcastle Utd,Anthony Elanga,SWE,"FW,MF",23,2002,17,7,684,7.6,0,1,1,0,0,0,0,0,1.1,1.1,1.1,2.2,29,19,98,0.0,0.13,0.13,0.0,0.13,0.15,0.15,0.29,0.15,0.29,,,5000000.0,0.0
ENG-Premier League,2526,Wolves,David Møller Wolfe,NOR,"DF,MF",23,2002,11,8,674,7.5,0,2,2,0,0,0,1,0,0.1,0.1,1.6,1.8,13,15,30,0.0,0.27,0.27,0.0,0.27,0.02,0.22,0.23,0.02,0.23,"               0
0  Left Midfield",2030-06-30,1000000.0,4.5
ENG-Premier League,2526,Chelsea,Wesley Fofana,FRA,DF,25,2000,9,8,668,7.4,0,0,0,0,0,0,1,0,0.2,0.2,0.0,0.2,4,17,1,0.0,0.0,0.0,0.0,0.0,0.03,0.0,0.03,0.03,0.03,,2029-06-30,2800000.0,3.5
ENG-Premier League,2526,Tottenham,Lucas Bergvall,SWE,MF,19,2006,13,8,667,7.4,1,2,3,1,0,0,2,0,0.8,0.8,0.3,1.1,13,32,30,0.13,0.27,0.4,0.13,0.4,0.11,0.04,0.15,0.11,0.15,"                    0
0  Attacking Midfield
1  Defensive Midfield",2031-06-30,4000000.0,5.5
ENG-Premier League,2526,Burnley,Zian Flemming,NED,FW,27,1998,14,8,664,7.4,5,0,5,3,2,2,3,0,3.2,1.6,0.2,1.8,1,11,28,0.68,0.0,0.68,0.41,0.41,0.43,0.03,0.46,0.22,0.25,"                    0
0  Attacking Midfield
1    Central Midfield",2029-06-30,1000000.0,3.5
ENG-Premier League,2526,Newcastle Utd,Lewis Miley,ENG,"MF,DF",19,2006,13,6,662,7.4,1,2,3,1,0,0,0,0,0.5,0.5,0.7,1.2,5,21,15,0.14,0.27,0.41,0.14,0.41,0.07,0.09,0.16,0.07,0.16,,2029-06-30,2000000.0,3.5
ENG-Premier League,2526,Burnley,Loum Tchaouna,FRA,"MF,FW",22,2003,14,8,659,7.3,1,0,1,1,0,0,1,0,0.4,0.4,0.2,0.6,11,15,26,0.14,0.0,0.14,0.14,0.14,0.06,0.03,0.09,0.06,0.09,,2030-06-30,1500000.0,4.5
ENG-Premier League,2526,Newcastle Utd,Sven Botman,NED,DF,25,2000,10,8,656,7.3,0,0,0,0,0,0,0,0,0.1,0.1,0.6,0.7,1,22,3,0.0,0.0,0.0,0.0,0.0,0.02,0.08,0.09,0.02,0.09,,2027-06-30,3500000.0,1.5
ENG-Premier League,2526,Manchester Utd,Mason Mount,ENG,MF,26,1999,13,8,650,7.2,3,0,3,3,0,0,0,0,1.4,1.4,0.7,2.1,11,42,40,0.42,0.0,0.42,0.42,0.42,0.19,0.1,0.29,0.19,0.29,"                  0
0  Central Midfield
1     Left Midfield",2028-06-30,3200000.0,2.5
ENG-Premier League,2526,Chelsea,Alejandro Garnacho,ARG,FW,21,2004,11,8,648,7.2,1,2,3,1,0,0,1,0,1.9,1.9,2.5,4.4,55,11,98,0.14,0.28,0.42,0.14,0.42,0.26,0.35,0.61,0.26,0.61,"                    0
0  Attacking Midfield
1        Right Winger",2032-06-30,4500000.0,6.5
ENG-Premier League,2526,Brentford,Keane Lewis-Potter,ENG,"FW,DF",24,2001,15,7,647,7.2,2,1,3,2,0,0,1,0,0.9,0.9,0.8,1.7,15,16,38,0.28,0.14,0.42,0.28,0.42,0.12,0.12,0.24,0.12,0.24,,2031-06-30,2200000.0,5.5
ENG-Premier League,2526,Liverpool,Conor Bradley,NIR,DF,22,2003,11,9,642,7.1,0,0,0,0,0,0,5,0,0.1,0.1,0.7,0.8,19,29,30,0.0,0.0,0.0,0.0,0.0,0.01,0.1,0.11,0.01,0.11,,2029-06-30,3000000.0,3.5
ENG-Premier League,2526,Leeds United,Ao Tanaka,JPN,MF,27,1998,14,7,638,7.1,2,0,2,2,0,0,1,0,0.6,0.6,0.5,1.1,4,30,16,0.28,0.0,0.28,0.28,0.28,0.09,0.07,0.16,0.09,0.16,,2028-06-30,1000000.0,2.5
ENG-Premier League,2526,Sunderland,Lutsharel Geertruida,NED,"DF,MF",25,2000,13,6,630,7.0,0,0,0,0,0,0,0,0,0.7,0.7,0.2,0.9,5,17,3,0.0,0.0,0.0,0.0,0.0,0.1,0.03,0.13,0.1,0.13,"             0
0  Centre-Back",2026-06-30,2000000.0,0.5
ENG-Premier League,2526,West Ham,Callum Wilson,ENG,FW,33,1992,14,6,624,6.9,4,1,5,4,0,0,0,0,2.9,2.9,0.2,3.1,10,6,28,0.58,0.14,0.72,0.58,0.72,0.41,0.03,0.44,0.41,0.44,,2026-06-30,500000.0,0.5
ENG-Premier League,2526,Leeds United,Jaka Bijol,SVN,DF,26,1999,8,7,622,6.9,1,1,2,1,0,0,0,0,0.2,0.2,0.5,0.7,3,12,0,0.14,0.14,0.29,0.14,0.29,0.03,0.07,0.1,0.03,0.1,,2030-06-30,1800000.0,4.5
ENG-Premier League,2526,Brentford,Kristoffer Ajer,NOR,DF,27,1998,11,7,613,6.8,0,1,1,0,0,0,1,0,0.5,0.5,0.7,1.2,6,20,9,0.0,0.15,0.15,0.0,0.15,0.07,0.1,0.18,0.07,0.18,"            0
0  Right-Back
1   Left-Back",2028-06-30,1600000.0,2.5
ENG-Premier League,2526,Tottenham,Randal Kolo Muani,FRA,FW,27,1998,10,8,612,6.8,0,0,0,0,0,0,1,0,1.1,1.1,0.2,1.4,8,8,40,0.0,0.0,0.0,0.0,0.0,0.17,0.03,0.2,0.17,0.2,"              0
0  Right Winger
1   Left Winger",2026-06-30,2500000.0,0.5
ENG-Premier League,2526,Newcastle Utd,Lewis Hall,ENG,DF,21,2004,10,6,612,6.8,0,1,1,0,0,0,1,0,0.3,0.3,0.4,0.7,8,43,22,0.0,0.15,0.15,0.0,0.15,0.04,0.06,0.1,0.04,0.1,,,3200000.0,0.0
ENG-Premier League,2526,Tottenham,Destiny Udogie,ITA,DF,23,2002,10,6,609,6.8,0,1,1,0,0,0,1,0,0.1,0.1,0.4,0.5,21,37,45,0.0,0.15,0.15,0.0,0.15,0.02,0.06,0.08,0.02,0.08,,2030-06-30,4000000.0,4.5
ENG-Premier League,2526,Sunderland,Bertrand Traoré,BFA,"FW,MF",30,1995,10,9,608,6.8,1,0,1,1,0,0,1,0,0.6,0.6,0.9,1.5,12,20,50,0.15,0.0,0.15,0.15,0.15,0.09,0.13,0.22,0.09,0.22,"                0
0  Centre-Forward
1     Left Winger",2026-06-30,500000.0,0.5
ENG-Premier League,2526,West Ham,Kyle Walker-Peters,ENG,DF,28,1997,12,6,605,6.7,1,0,1,1,0,0,1,0,1.1,1.1,0.1,1.2,14,17,22,0.15,0.0,0.15,0.15,0.15,0.17,0.01,0.18,0.17,0.18,,2028-06-30,1300000.0,2.5
ENG-Premier League,2526,Tottenham,Brennan Johnson,WAL,FW,24,2001,15,6,604,6.7,2,0,2,2,0,0,2,0,1.0,1.0,0.4,1.4,16,12,39,0.3,0.0,0.3,0.3,0.3,0.15,0.06,0.21,0.15,0.21,"                0
0     Left Winger
1  Centre-Forward",2028-06-30,3500000.0,2.5
ENG-Premier League,2526,Everton,Carlos Alcaraz,ARG,"MF,FW",23,2002,14,5,596,6.6,0,1,1,0,0,0,3,0,0.9,0.9,0.8,1.7,7,17,22,0.0,0.15,0.15,0.0,0.15,0.13,0.12,0.26,0.13,0.26,"                    0
0  Attacking Midfield
1      Right Midfield",2027-06-30,1500000.0,1.5
ENG-Premier League,2526,Everton,Tim Iroegbunam,ENG,MF,22,2003,13,7,583,6.5,0,1,1,0,0,0,5,0,0.2,0.2,0.2,0.4,5,21,13,0.0,0.15,0.15,0.0,0.15,0.03,0.03,0.06,0.03,0.06,"                    0
0  Defensive Midfield",2027-06-30,1200000.0,1.5
ENG-Premier League,2526,West Ham,Tomáš Souček,CZE,"MF,FW",30,1995,14,6,574,6.4,2,0,2,2,0,0,0,1,2.3,2.3,0.0,2.3,2,17,11,0.31,0.0,0.31,0.31,0.31,0.36,0.0,0.36,0.36,0.36,,2027-06-30,1200000.0,1.5
ENG-Premier League,2526,Arsenal,Piero Hincapié,ECU,DF,23,2002,8,6,565,6.3,0,0,0,0,0,0,1,0,0.0,0.0,0.4,0.4,7,21,5,0.0,0.0,0.0,0.0,0.0,0.0,0.06,0.06,0.0,0.06,,2026-06-30,5000000.0,0.5
ENG-Premier League,2526,Brighton,Kaoru Mitoma,JPN,FW,28,1997,8,6,562,6.2,1,1,2,1,0,0,1,0,0.9,0.9,1.3,2.2,18,16,54,0.16,0.16,0.32,0.16,0.32,0.15,0.2,0.35,0.15,0.35,"               0
0  Left Midfield",2027-06-30,3000000.0,1.5
ENG-Premier League,2526,Chelsea,Tosin Adarabioyo,ENG,DF,28,1997,9,5,561,6.2,0,0,0,0,0,0,1,0,0.1,0.1,0.0,0.1,3,18,0,0.0,0.0,0.0,0.0,0.0,0.02,0.0,0.02,0.02,0.02,,2028-06-30,2000000.0,2.5
ENG-Premier League,2526,Manchester City,Rayan Cherki,FRA,"MF,FW",22,2003,12,7,554,6.2,1,6,7,1,0,0,1,0,1.0,1.0,4.0,5.0,35,41,53,0.16,0.97,1.14,0.16,1.14,0.16,0.65,0.81,0.16,0.81,,2030-06-30,5000000.0,4.5
ENG-Premier League,2526,Crystal Palace,Will Hughes,ENG,MF,30,1995,14,6,548,6.1,0,0,0,0,0,0,3,0,0.3,0.3,0.5,0.8,5,34,6,0.0,0.0,0.0,0.0,0.0,0.04,0.09,0.13,0.04,0.13,,2027-06-30,600000.0,1.5
ENG-Premier League,2526,Brentford,Mathias Jensen,DEN,MF,29,1996,15,6,547,6.1,2,0,2,2,0,0,0,0,0.6,0.6,0.2,0.8,4,35,15,0.33,0.0,0.33,0.33,0.33,0.1,0.03,0.13,0.1,0.13,,2026-06-30,1200000.0,0.5
ENG-Premier League,2526,Crystal Palace,Jefferson Lerma,COL,MF,31,1994,15,4,543,6.0,0,1,1,0,0,0,3,0,0.6,0.6,0.6,1.2,3,28,6,0.0,0.17,0.17,0.0,0.17,0.09,0.1,0.19,0.09,0.19,,2026-06-30,800000.0,0.5
ENG-Premier League,2526,Fulham,Timothy Castagne,BEL,"DF,FW",30,1995,12,6,540,6.0,0,0,0,0,0,0,0,0,0.4,0.4,0.2,0.6,6,19,34,0.0,0.0,0.0,0.0,0.0,0.07,0.03,0.1,0.07,0.1,"                0
0  Right Midfield
1       Left-Back",2027-06-30,1000000.0,1.5
ENG-Premier League,2526,Nott'ham Forest,Chris Wood,NZL,FW,34,1991,8,7,540,6.0,2,0,2,2,0,0,0,0,2.7,2.7,0.2,2.9,0,7,16,0.33,0.0,0.33,0.33,0.33,0.45,0.03,0.48,0.45,0.48,,2027-06-30,800000.0,1.5
ENG-Premier League,2526,Manchester Utd,Altay Bayındır,TUR,GK,27,1998,6,6,540,6.0,0,0,0,0,0,0,0,0,0.0,0.0,0.2,0.2,0,0,0,0.0,0.0,0.0,0.0,0.0,0.0,0.04,0.04,0.0,0.04,,2027-06-30,700000.0,1.5
ENG-Premier League,2526,Arsenal,Martin Ødegaard,NOR,MF,27,1998,11,7,538,6.0,0,1,1,0,0,0,0,0,0.4,0.4,1.1,1.6,21,68,14,0.0,0.17,0.17,0.0,0.17,0.07,0.19,0.26,0.07,0.26,"                  0
0      Right Winger
1  Central Midfield",2028-06-30,7500000.0,2.5
ENG-Premier League,2526,West Ham,Soungoutou Magassa,FRA,MF,22,2003,11,6,529,5.9,1,0,1,1,0,0,2,0,0.3,0.3,0.1,0.3,3,13,6,0.17,0.0,0.17,0.17,0.17,0.05,0.01,0.06,0.05,0.06,,2031-06-30,1700000.0,5.5
ENG-Premier League,2526,Aston Villa,Donyell Malen,NED,"FW,MF",26,1999,16,4,526,5.8,4,1,5,4,0,0,0,0,3.2,3.2,0.4,3.6,13,13,34,0.68,0.17,0.86,0.68,0.86,0.54,0.06,0.61,0.54,0.61,,,2500000.0,0.0
ENG-Premier League,2526,Tottenham,Wilson Odobert,FRA,"FW,MF",21,2004,15,4,519,5.8,0,1,1,0,0,0,0,0,0.9,0.9,1.0,1.8,24,25,44,0.0,0.17,0.17,0.0,0.17,0.15,0.17,0.32,0.15,0.32,,2029-06-30,2200000.0,3.5
ENG-Premier League,2526,Wolves,Yerson Mosquera,COL,DF,24,2001,8,6,518,5.8,0,0,0,0,0,0,5,0,0.1,0.1,0.2,0.3,2,4,2,0.0,0.0,0.0,0.0,0.0,0.02,0.04,0.06,0.02,0.06,"            0
0  Right-Back",2030-06-30,1000000.0,4.5
ENG-Premier League,2526,Aston Villa,Evann Guessand,CIV,FW,24,2001,11,6,508,5.6,0,1,1,0,0,0,0,0,1.0,1.0,0.6,1.6,12,8,27,0.0,0.18,0.18,0.0,0.18,0.17,0.11,0.28,0.17,0.28,,,2800000.0,0.0
ENG-Premier League,2526,Fulham,Emile Smith Rowe,ENG,MF,25,2000,16,4,504,5.6,3,0,3,3,0,0,0,0,2.4,2.4,0.2,2.6,18,29,33,0.54,0.0,0.54,0.54,0.54,0.43,0.03,0.46,0.43,0.46,,2029-06-30,2200000.0,3.5
ENG-Premier League,2526,Liverpool,Alexander Isak,SWE,FW,26,1999,10,6,504,5.6,2,1,3,2,0,0,0,0,2.0,2.0,0.6,2.6,6,8,24,0.36,0.18,0.54,0.36,0.54,0.37,0.11,0.47,0.37,0.47,,2031-06-30,12000000.0,5.5
ENG-Premier League,2526,Aston Villa,Tyrone Mings,ENG,DF,32,1993,7,6,498,5.5,0,0,0,0,0,0,0,0,0.3,0.3,0.1,0.4,1,27,3,0.0,0.0,0.0,0.0,0.0,0.05,0.02,0.07,0.05,0.07,"           0
0  Left-Back",2027-06-30,400000.0,1.5
ENG-Premier League,2526,Leeds United,Lukas Nmecha,GER,FW,27,1998,14,5,496,5.5,4,0,4,3,1,2,0,0,4.3,2.6,0.2,2.7,6,4,25,0.73,0.0,0.73,0.54,0.54,0.77,0.03,0.8,0.47,0.49,"              0
0  Right Winger
1   Left Winger",2027-06-30,800000.0,1.5
ENG-Premier League,2526,Tottenham,Kevin Danso,AUT,DF,27,1998,11,6,495,5.5,0,0,0,0,0,0,3,0,0.0,0.0,0.0,0.0,3,22,0,0.0,0.0,0.0,0.0,0.0,0.0,0.0,0.0,0.0,0.0,,2030-06-30,2200000.0,4.5
ENG-Premier League,2526,Nott'ham Forest,Omari Hutchinson,ENG,FW,22,2003,11,3,479,5.3,0,2,2,0,0,0,0,0,1.2,1.2,1.8,3.0,30,13,45,0.0,0.38,0.38,0.0,0.38,0.22,0.35,0.57,0.22,0.57,"              0
0  Right Winger
1   Left Winger",2030-06-30,3000000.0,4.5
ENG-Premier League,2526,Bournemouth,Adam Smith,ENG,DF,34,1991,8,7,477,5.3,0,1,1,0,0,0,1,0,0.0,0.0,0.4,0.4,2,15,9,0.0,0.19,0.19,0.0,0.19,0.0,0.08,0.08,0.0,0.08,"                0
0       Left-Back
1  Right Midfield",2026-06-30,500000.0,0.5
ENG-Premier League,2526,Brighton,Brajan Gruda,GER,"MF,FW",21,2004,13,5,476,5.3,1,1,2,1,0,0,2,0,1.6,1.6,0.8,2.5,17,23,45,0.19,0.19,0.38,0.19,0.38,0.31,0.16,0.47,0.31,0.47,,2028-06-30,2800000.0,2.5
ENG-Premier League,2526,Manchester City,Oscar Bobb,NOR,"MF,FW",22,2003,9,5,468,5.2,0,1,1,0,0,0,1,0,0.4,0.4,0.7,1.1,17,18,55,0.0,0.19,0.19,0.0,0.19,0.08,0.13,0.21,0.08,0.21,"                    0
0  Attacking Midfield
1         Left Winger",2029-06-30,2500000.0,3.5
ENG-Premier League,2526,Newcastle Utd,Aaron Ramsdale,ENG,GK,27,1998,6,5,464,5.2,0,0,0,0,0,0,0,0,0.0,0.0,0.1,0.1,0,0,0,0.0,0.0,0.0,0.0,0.0,0.0,0.02,0.02,0.0,0.02,,2026-06-30,1200000.0,0.5
ENG-Premier League,2526,Aston Villa,Ian Maatsen,NED,DF,23,2002,11,4,456,5.1,0,0,0,0,0,0,1,0,0.4,0.4,0.6,1.0,14,28,38,0.0,0.0,0.0,0.0,0.0,0.08,0.12,0.2,0.08,0.2,"               0
0  Left Midfield",2030-06-30,2500000.0,4.5
ENG-Premier League,2526,Wolves,José Sá,POR,GK,32,1993,5,5,450,5.0,0,0,0,0,0,0,0,0,0.0,0.0,0.1,0.1,0,0,0,0.0,0.0,0.0,0.0,0.0,0.0,0.01,0.01,0.0,0.01,,2027-06-30,500000.0,1.5
ENG-Premier League,2526,Liverpool,Giorgi Mamardashvili,GEO,GK,25,2000,5,5,450,5.0,0,0,0,0,0,0,0,0,0.0,0.0,0.0,0.0,0,0,0,0.0,0.0,0.0,0.0,0.0,0.0,0.0,0.0,0.0,0.0,,2031-06-30,2800000.0,5.5
ENG-Premier League,2526,Leeds United,Karl Darlow,WAL,GK,35,1990,5,5,450,5.0,0,0,0,0,0,0,0,0,0.0,0.0,0.0,0.0,0,1,0,0.0,0.0,0.0,0.0,0.0,0.0,0.0,0.0,0.0,0.0,,2026-06-30,200000.0,0.5
ENG-Premier League,2526,Brentford,Rico Henry,JAM,DF,28,1997,13,3,448,5.0,0,0,0,0,0,0,2,0,0.1,0.1,0.1,0.3,15,12,23,0.0,0.0,0.0,0.0,0.0,0.03,0.03,0.05,0.03,0.05,"               0
0  Left Midfield",2026-06-30,1500000.0,0.5
ENG-Premier League,2526,Wolves,Matt Doherty,IRL,DF,33,1992,6,6,447,5.0,0,0,0,0,0,0,4,0,0.1,0.1,0.1,0.2,1,18,4,0.0,0.0,0.0,0.0,0.0,0.02,0.02,0.04,0.02,0.04,,2026-06-30,150000.0,0.5
ENG-Premier League,2526,Chelsea,Andrey Santos,BRA,MF,21,2004,12,4,444,4.9,0,0,0,0,0,0,3,0,0.9,0.9,0.2,1.1,6,25,12,0.0,0.0,0.0,0.0,0.0,0.18,0.04,0.22,0.18,0.22,,2030-06-30,4000000.0,4.5
ENG-Premier League,2526,Manchester Utd,Noussair Mazraoui,MAR,DF,28,1997,9,6,442,4.9,0,0,0,0,0,0,1,0,0.0,0.0,0.1,0.1,9,47,21,0.0,0.0,0.0,0.0,0.0,0.0,0.01,0.02,0.0,0.02,,2028-06-30,2200000.0,2.5
ENG-Premier League,2526,Arsenal,Cristhian Mosquera,ESP,DF,21,2004,10,4,433,4.8,0,0,0,0,0,0,1,0,0.0,0.0,0.1,0.1,8,15,2,0.0,0.0,0.0,0.0,0.0,0.0,0.01,0.01,0.0,0.01,,2030-06-30,3500000.0,4.5
ENG-Premier League,2526,Chelsea,Jamie Gittens,ENG,FW,21,2004,12,4,430,4.8,0,2,2,0,0,0,0,0,0.8,0.8,0.7,1.5,24,8,37,0.0,0.42,0.42,0.0,0.42,0.16,0.16,0.31,0.16,0.31,,2032-06-30,4000000.0,6.5
ENG-Premier League,2526,Wolves,Ki-Jana Hoever,NED,"DF,MF",23,2002,8,6,425,4.7,0,0,0,0,0,0,0,0,0.0,0.0,0.5,0.5,9,13,23,0.0,0.0,0.0,0.0,0.0,0.0,0.1,0.1,0.0,0.1,"             0
0    Left-Back
1  Centre-Back",2026-06-30,500000.0,0.5
ENG-Premier League,2526,Fulham,Kevin,BRA,"FW,MF",22,2003,12,3,423,4.7,0,0,0,0,0,0,1,0,0.4,0.4,0.5,0.9,35,15,52,0.0,0.0,0.0,0.0,0.0,0.09,0.1,0.19,0.09,0.19,"                0
0    Right Winger
1  Centre-Forward",2030-06-30,3000000.0,4.5
ENG-Premier League,2526,Arsenal,Noni Madueke,ENG,FW,23,2002,9,5,423,4.7,0,0,0,0,0,0,0,0,0.5,0.5,0.8,1.3,28,14,67,0.0,0.0,0.0,0.0,0.0,0.1,0.18,0.28,0.1,0.28,"             0
0  Left Winger",2030-06-30,5000000.0,4.5
ENG-Premier League,2526,Liverpool,Andrew Robertson,SCO,DF,31,1994,11,3,423,4.7,0,0,0,0,0,0,0,0,0.2,0.2,0.5,0.7,10,32,24,0.0,0.0,0.0,0.0,0.0,0.04,0.11,0.15,0.04,0.15,"               0
0  Left Midfield",2026-06-30,1200000.0,0.5
ENG-Premier League,2526,Brentford,Aaron Hickey,SCO,DF,23,2002,10,5,416,4.6,0,0,0,0,0,0,1,0,0.4,0.4,0.0,0.4,2,13,11,0.0,0.0,0.0,0.0,0.0,0.08,0.0,0.08,0.08,0.08,,2028-06-30,1600000.0,2.5
ENG-Premier League,2526,West Ham,James Ward-Prowse,ENG,MF,31,1994,5,5,413,4.6,0,0,0,0,0,0,0,0,0.1,0.1,0.9,1.0,1,20,8,0.0,0.0,0.0,0.0,0.0,0.03,0.2,0.23,0.03,0.23,"                    0
0  Attacking Midfield
1      Right Midfield",2027-06-30,600000.0,1.5
ENG-Premier League,2526,Brighton,Jack Hinshelwood,ENG,MF,20,2005,9,4,412,4.6,1,1,2,1,0,0,0,0,0.4,0.4,0.2,0.6,7,15,5,0.22,0.22,0.44,0.22,0.44,0.08,0.05,0.13,0.08,0.13,"                  0
0  Central Midfield
1        Right-Back",2028-06-30,2200000.0,2.5
ENG-Premier League,2526,West Ham,Niclas Füllkrug,GER,FW,32,1993,8,5,409,4.5,0,0,0,0,0,0,0,0,0.9,0.9,0.7,1.5,1,6,16,0.0,0.0,0.0,0.0,0.0,0.19,0.14,0.33,0.19,0.33,"             0
0  Left Winger",2028-06-30,800000.0,2.5
ENG-Premier League,2526,Arsenal,Gabriel Martinelli,BRA,FW,24,2001,13,5,408,4.5,1,0,1,1,0,0,1,0,1.3,1.3,0.2,1.5,14,10,25,0.22,0.0,0.22,0.22,0.22,0.3,0.04,0.33,0.3,0.33,"              0
0  Right Winger",2027-06-30,4500000.0,1.5
ENG-Premier League,2526,Brighton,Joël Veltman,NED,DF,33,1992,9,4,407,4.5,0,0,0,0,0,0,3,0,0.0,0.0,0.3,0.3,7,21,7,0.0,0.0,0.0,0.0,0.0,0.0,0.06,0.06,0.0,0.06,"             0
0  Centre-Back",2026-06-30,250000.0,0.5
ENG-Premier League,2526,Brentford,Vitaly Janelt,GER,MF,27,1998,12,3,406,4.5,0,1,1,0,0,0,2,0,0.3,0.3,0.4,0.7,2,23,5,0.0,0.22,0.22,0.0,0.22,0.06,0.1,0.15,0.06,0.15,,2026-06-30,1800000.0,0.5
ENG-Premier League,2526,Sunderland,Brian Brobbey,NED,FW,23,2002,12,3,403,4.5,2,1,3,2,0,0,1,0,0.8,0.8,0.1,0.9,2,6,18,0.45,0.22,0.67,0.45,0.67,0.17,0.03,0.2,0.17,0.2,,2029-06-30,2000000.0,3.5
ENG-Premier League,2526,Fulham,Samuel Chukwueze,NGA,FW,26,1999,9,3,398,4.4,2,4,6,2,0,0,0,0,1.0,1.0,1.7,2.7,19,18,44,0.45,0.9,1.36,0.45,1.36,0.23,0.39,0.61,0.23,0.61,,2026-06-30,1000000.0,0.5
ENG-Premier League,2526,Leeds United,Ilia Gruev,BUL,MF,25,2000,9,4,395,4.4,0,0,0,0,0,0,1,0,0.0,0.0,0.2,0.2,1,13,1,0.0,0.0,0.0,0.0,0.0,0.0,0.04,0.04,0.0,0.04,"                  0
0  Central Midfield",2027-06-30,900000.0,1.5
ENG-Premier League,2526,Bournemouth,Amine Adli,MAR,"FW,MF",25,2000,13,3,394,4.4,1,0,1,1,0,0,0,0,1.0,1.0,0.2,1.2,10,13,31,0.23,0.0,0.23,0.23,0.23,0.22,0.05,0.27,0.22,0.27,"                0
0    Right Winger
1  Second Striker",2030-06-30,2000000.0,4.5
ENG-Premier League,2526,Crystal Palace,Eddie Nketiah,ENG,"MF,FW",26,1999,11,2,391,4.3,2,0,2,2,0,0,2,0,1.9,1.9,0.9,2.9,14,9,20,0.46,0.0,0.46,0.46,0.46,0.44,0.22,0.66,0.44,0.66,,2029-06-30,1600000.0,3.5
ENG-Premier League,2526,Newcastle Utd,Jacob Ramsey,ENG,MF,24,2001,8,3,390,4.3,0,0,0,0,0,0,2,0,0.3,0.3,0.6,1.0,13,20,36,0.0,0.0,0.0,0.0,0.0,0.08,0.15,0.22,0.08,0.22,,,3500000.0,0.0
ENG-Premier League,2526,Sunderland,Simon Adingra,CIV,"FW,MF",23,2002,10,5,382,4.2,0,0,0,0,0,0,1,0,0.1,0.1,0.6,0.7,15,5,41,0.0,0.0,0.0,0.0,0.0,0.03,0.14,0.17,0.03,0.17,"               0
0   Right Winger
1  Left Midfield",2030-06-30,2200000.0,4.5
ENG-Premier League,2526,Sunderland,Habib Diarra,SEN,MF,21,2004,5,4,372,4.1,0,0,0,0,0,0,1,0,0.6,0.6,0.0,0.6,10,13,18,0.0,0.0,0.0,0.0,0.0,0.14,0.01,0.15,0.14,0.15,,2030-06-30,3200000.0,4.5
ENG-Premier League,2526,Chelsea,Cole Palmer,ENG,MF,23,2002,7,5,367,4.1,2,0,2,2,0,0,0,0,1.5,1.5,0.1,1.6,16,27,27,0.49,0.0,0.49,0.49,0.49,0.36,0.03,0.39,0.36,0.39,"                0
0    Right Winger
1  Centre-Forward",2033-06-30,12000000.0,7.5
ENG-Premier League,2526,West Ham,Mads Hermansen,DEN,GK,25,2000,4,4,360,4.0,0,0,0,0,0,0,0,0,0.0,0.0,0.0,0.0,0,0,0,0.0,0.0,0.0,0.0,0.0,0.0,0.0,0.0,0.0,0.0,,2030-06-30,1500000.0,4.5
ENG-Premier League,2526,Aston Villa,Marco Bizot,NED,GK,34,1991,4,4,360,4.0,0,0,0,0,0,0,2,0,0.0,0.0,0.0,0.0,0,1,0,0.0,0.0,0.0,0.0,0.0,0.0,0.0,0.0,0.0,0.0,,2027-06-30,250000.0,1.5
ENG-Premier League,2526,Leeds United,Daniel James,WAL,FW,28,1997,10,4,354,3.9,0,0,0,0,0,0,0,0,0.7,0.7,0.6,1.4,17,10,41,0.0,0.0,0.0,0.0,0.0,0.19,0.16,0.35,0.19,0.35,,2029-06-30,1400000.0,3.5
ENG-Premier League,2526,Manchester City,John Stones,ENG,DF,31,1994,7,4,353,3.9,0,0,0,0,0,0,0,0,0.0,0.0,0.1,0.1,3,15,5,0.0,0.0,0.0,0.0,0.0,0.0,0.01,0.01,0.0,0.01,,2026-06-30,1800000.0,0.5
ENG-Premier League,2526,Tottenham,Archie Gray,ENG,MF,19,2006,7,5,353,3.9,0,0,0,0,0,0,2,0,0.1,0.1,0.1,0.2,5,15,1,0.0,0.0,0.0,0.0,0.0,0.02,0.03,0.05,0.02,0.05,"             0
0   Right-Back
1  Centre-Back",2030-06-30,3500000.0,4.5
ENG-Premier League,2526,Fulham,Rodrigo Muniz,BRA,FW,24,2001,7,4,352,3.9,1,1,2,1,0,0,1,0,1.0,1.0,0.3,1.3,0,2,11,0.26,0.26,0.51,0.26,0.51,0.26,0.07,0.33,0.26,0.33,,2030-06-30,2500000.0,4.5
ENG-Premier League,2526,Manchester Utd,Joshua Zirkzee,NED,"FW,MF",24,2001,9,3,351,3.9,1,0,1,1,0,0,1,0,1.8,1.8,0.3,2.0,1,11,18,0.26,0.0,0.26,0.26,0.26,0.45,0.07,0.52,0.45,0.52,,2029-06-30,2500000.0,3.5
ENG-Premier League,2526,Chelsea,Liam Delap,ENG,FW,22,2003,8,6,348,3.9,0,0,0,0,0,0,0,0,0.8,0.8,0.0,0.8,8,6,26,0.0,0.0,0.0,0.0,0.0,0.21,0.0,0.21,0.21,0.21,,2031-06-30,3500000.0,5.5
ENG-Premier League,2526,Manchester Utd,Harry Maguire,ENG,DF,32,1993,8,4,345,3.8,1,1,2,1,0,0,0,0,0.3,0.3,0.4,0.7,2,15,2,0.26,0.26,0.52,0.26,0.52,0.08,0.09,0.18,0.08,0.18,,2026-06-30,1000000.0,0.5
ENG-Premier League,2526,Wolves,Tolu Arokodare,NGA,FW,25,2000,13,3,343,3.8,1,0,1,1,0,0,1,0,0.6,0.6,0.2,0.8,4,1,18,0.26,0.0,0.26,0.26,0.26,0.16,0.06,0.22,0.16,0.22,,2029-06-30,2200000.0,3.5
ENG-Premier League,2526,Wolves,Rodrigo Gomes,POR,"FW,DF",22,2003,6,4,331,3.7,1,0,1,1,0,0,0,0,1.0,1.0,0.1,1.1,13,7,37,0.27,0.0,0.27,0.27,0.27,0.26,0.04,0.3,0.26,0.3,"                0
0  Right Midfield
1      Right-Back",2029-06-30,1500000.0,3.5
ENG-Premier League,2526,Aston Villa,Lamare Bogarde,NED,MF,21,2004,11,3,322,3.6,0,0,0,0,0,0,1,0,0.0,0.0,0.0,0.0,5,11,2,0.0,0.0,0.0,0.0,0.0,0.0,0.01,0.01,0.0,0.01,,,1200000.0,0.0
ENG-Premier League,2526,Burnley,Armando Broja,ALB,FW,24,2001,11,2,320,3.6,1,0,1,1,0,0,0,0,1.4,1.4,0.0,1.4,5,3,15,0.28,0.0,0.28,0.28,0.28,0.4,0.01,0.41,0.4,0.41,,2030-06-30,1000000.0,4.5
ENG-Premier League,2526,Manchester Utd,Manuel Ugarte,URU,MF,24,2001,10,2,318,3.5,0,0,0,0,0,0,0,0,0.0,0.0,0.0,0.1,5,21,3,0.0,0.0,0.0,0.0,0.0,0.01,0.01,0.02,0.01,0.02,"                  0
0  Central Midfield",2029-06-30,3000000.0,3.5
ENG-Premier League,2526,Nott'ham Forest,Ryan Yates,ENG,MF,28,1997,11,1,307,3.4,0,1,1,0,0,0,1,0,0.0,0.0,0.1,0.2,1,16,3,0.0,0.29,0.29,0.0,0.29,0.01,0.04,0.05,0.01,0.05,,2028-06-30,1000000.0,2.5
ENG-Premier League,2526,Leeds United,Wilfried Gnonto,ITA,"FW,MF",22,2003,9,4,306,3.4,0,1,1,0,0,0,2,0,0.2,0.2,0.6,0.7,7,11,22,0.0,0.29,0.29,0.0,0.29,0.06,0.16,0.22,0.06,0.22,,2028-06-30,2000000.0,2.5
ENG-Premier League,2526,Bournemouth,James Hill,ENG,DF,23,2002,9,2,306,3.4,0,0,0,0,0,0,1,0,0.1,0.1,0.0,0.1,3,17,8,0.0,0.0,0.0,0.0,0.0,0.04,0.0,0.04,0.04,0.04,"            0
0  Right-Back",2029-06-30,700000.0,3.5
ENG-Premier League,2526,Bournemouth,Lewis Cook,ENG,"DF,MF",28,1997,8,2,304,3.4,0,0,0,0,0,0,0,1,0.0,0.0,0.2,0.3,13,24,9,0.0,0.0,0.0,0.0,0.0,0.01,0.06,0.07,0.01,0.07,,2028-06-30,1300000.0,2.5
ENG-Premier League,2526,Bournemouth,Ryan Christie,SCO,MF,30,1995,11,1,296,3.3,1,0,1,1,0,0,1,0,1.1,1.1,0.1,1.2,9,24,9,0.3,0.0,0.3,0.3,0.3,0.35,0.02,0.37,0.35,0.37,,2027-06-30,900000.0,1.5
ENG-Premier League,2526,Manchester City,Rodri,ESP,MF,29,1996,6,4,293,3.3,0,0,0,0,0,0,0,0,0.1,0.1,0.1,0.2,4,20,5,0.0,0.0,0.0,0.0,0.0,0.04,0.03,0.07,0.04,0.07,"                  0
0  Central Midfield",2027-06-30,7500000.0,1.5
ENG-Premier League,2526,Tottenham,Mathys Tel,FRA,FW,20,2005,11,3,282,3.1,2,0,2,2,0,0,0,0,0.5,0.5,0.0,0.5,6,4,18,0.64,0.0,0.64,0.64,0.64,0.16,0.01,0.17,0.16,0.17,,2031-06-30,3000000.0,5.5
ENG-Premier League,2526,Arsenal,Ben White,ENG,DF,28,1997,4,4,280,3.1,0,1,1,0,0,0,0,0,0.4,0.4,0.7,1.1,6,21,11,0.0,0.32,0.32,0.0,0.32,0.12,0.24,0.36,0.12,0.36,,2028-06-30,3000000.0,2.5
ENG-Premier League,2526,Manchester City,James Trafford,ENG,GK,23,2002,3,3,270,3.0,0,0,0,0,0,0,0,0,0.0,0.0,0.0,0.0,0,0,0,0.0,0.0,0.0,0.0,0.0,0.0,0.0,0.0,0.0,0.0,,2030-06-30,2500000.0,4.5
ENG-Premier League,2526,Nott'ham Forest,Ola Aina,NGA,DF,29,1996,3,3,270,3.0,0,0,0,0,0,0,1,0,0.0,0.0,0.1,0.2,5,11,8,0.0,0.0,0.0,0.0,0.0,0.01,0.05,0.06,0.01,0.06,"                0
0       Left-Back
1  Right Midfield",2028-06-30,2000000.0,2.5
ENG-Premier League,2526,Leeds United,Jack Harrison,ENG,"FW,DF",29,1996,11,1,269,3.0,0,0,0,0,0,0,0,0,0.3,0.3,0.4,0.7,8,10,17,0.0,0.0,0.0,0.0,0.0,0.09,0.13,0.23,0.09,0.23,"              0
0  Right Winger",2028-06-30,1000000.0,2.5
ENG-Premier League,2526,Sunderland,Eliezer Mayenda,ESP,FW,20,2005,8,3,265,2.9,1,0,1,1,0,0,0,0,0.5,0.5,0.5,0.9,3,3,8,0.34,0.0,0.34,0.34,0.34,0.16,0.16,0.32,0.16,0.32,,2030-06-30,1800000.0,4.5
ENG-Premier League,2526,Fulham,Adama Traoré,ESP,FW,29,1996,11,1,254,2.8,0,0,0,0,0,0,0,0,0.2,0.2,0.5,0.6,14,4,27,0.0,0.0,0.0,0.0,0.0,0.07,0.16,0.23,0.07,0.23,,2026-06-30,800000.0,0.5
ENG-Premier League,2526,Nott'ham Forest,Oleksandr Zinchenko,UKR,DF,29,1996,3,3,253,2.8,0,0,0,0,0,0,0,0,0.0,0.0,0.5,0.5,6,22,7,0.0,0.0,0.0,0.0,0.0,0.02,0.16,0.18,0.02,0.18,"                  0
0     Left Midfield
1  Central Midfield",2026-06-30,1500000.0,0.5
ENG-Premier League,2526,Manchester City,Abdukodir Khusanov,UZB,DF,21,2004,5,3,252,2.8,0,0,0,0,0,0,1,0,0.0,0.0,0.0,0.0,3,7,4,0.0,0.0,0.0,0.0,0.0,0.0,0.0,0.0,0.0,0.0,,2029-06-30,3500000.0,3.5
ENG-Premier League,2526,Sunderland,Chris Rigg,ENG,"MF,FW",18,2007,7,4,250,2.8,0,0,0,0,0,0,0,0,0.3,0.3,0.1,0.4,1,4,11,0.0,0.0,0.0,0.0,0.0,0.1,0.03,0.14,0.1,0.14,"                  0
0  Central Midfield
1    Right Midfield",2030-06-30,2500000.0,4.5
ENG-Premier League,2526,Liverpool,Joe Gomez,ENG,DF,28,1997,8,3,249,2.8,0,2,2,0,0,0,2,0,0.2,0.2,0.7,0.9,2,10,13,0.0,0.72,0.72,0.0,0.72,0.07,0.24,0.31,0.07,0.31,,2027-06-30,1500000.0,1.5
ENG-Premier League,2526,Nott'ham Forest,Nicolás Domínguez,ARG,"FW,MF",27,1998,7,4,246,2.7,0,0,0,0,0,0,1,0,0.3,0.3,0.3,0.7,3,14,12,0.0,0.0,0.0,0.0,0.0,0.13,0.12,0.24,0.13,0.24,"                    0
0  Defensive Midfield",2028-06-30,1600000.0,2.5
ENG-Premier League,2526,Chelsea,Marc Guiu,ESP,FW,19,2006,7,1,238,2.6,0,1,1,0,0,0,1,0,1.4,1.4,1.0,2.4,2,2,13,0.0,0.38,0.38,0.0,0.38,0.54,0.37,0.92,0.54,0.92,,2029-06-30,1200000.0,3.5
ENG-Premier League,2526,Manchester Utd,Ayden Heaven,ENG,DF,19,2006,5,3,233,2.6,0,1,1,0,0,0,1,0,0.0,0.0,0.4,0.4,1,5,1,0.0,0.39,0.39,0.0,0.39,0.01,0.14,0.15,0.01,0.15,"           0
0  Left-Back",2029-06-30,1000000.0,3.5
ENG-Premier League,2526,Wolves,Fer López,ESP,MF,21,2004,8,2,232,2.6,0,1,1,0,0,0,1,0,0.2,0.2,0.7,0.9,8,20,16,0.0,0.39,0.39,0.0,0.39,0.07,0.29,0.36,0.07,0.36,"              0
0  Right Winger",2030-06-30,1600000.0,4.5
ENG-Premier League,2526,Brentford,Ethan Pinnock,JAM,DF,32,1993,3,3,228,2.5,0,0,0,0,0,0,1,0,0.0,0.0,0.0,0.0,0,4,3,0.0,0.0,0.0,0.0,0.0,0.0,0.0,0.0,0.0,0.0,,2027-06-30,400000.0,1.5
ENG-Premier League,2526,Manchester City,Nathan Aké,NED,DF,30,1995,7,1,227,2.5,0,0,0,0,0,0,0,0,0.3,0.3,0.1,0.4,4,20,2,0.0,0.0,0.0,0.0,0.0,0.11,0.03,0.14,0.11,0.14,,2027-06-30,1800000.0,1.5
ENG-Premier League,2526,Fulham,Issa Diop,FRA,DF,28,1997,3,2,224,2.5,0,0,0,0,0,0,1,0,0.0,0.0,0.0,0.0,1,7,0,0.0,0.0,0.0,0.0,0.0,0.0,0.0,0.0,0.0,0.0,,2027-06-30,1000000.0,1.5
ENG-Premier League,2526,Newcastle Utd,Joe Willock,ENG,MF,26,1999,8,2,223,2.5,0,0,0,0,0,0,1,0,0.2,0.2,0.3,0.4,12,9,14,0.0,0.0,0.0,0.0,0.0,0.07,0.11,0.18,0.07,0.18,"                    0
0  Attacking Midfield
1      Right Midfield",2027-06-30,1600000.0,1.5
ENG-Premier League,2526,Crystal Palace,Nathaniel Clyne,ENG,DF,34,1991,4,3,221,2.5,0,0,0,0,0,0,0,0,0.4,0.4,0.1,0.4,3,7,13,0.0,0.0,0.0,0.0,0.0,0.16,0.02,0.18,0.16,0.18,"             0
0    Left-Back
1  Centre-Back",2026-06-30,500000.0,0.5
ENG-Premier League,2526,Manchester Utd,Kobbie Mainoo,ENG,MF,20,2005,11,0,221,2.5,0,0,0,0,0,0,0,0,0.1,0.1,0.3,0.4,11,8,9,0.0,0.0,0.0,0.0,0.0,0.03,0.12,0.15,0.03,0.15,"                    0
0  Attacking Midfield
1  Defensive Midfield",2027-06-30,4000000.0,1.5
ENG-Premier League,2526,Crystal Palace,Justin Devenny,NIR,"MF,FW",22,2003,13,1,220,2.4,1,0,1,0,1,1,0,0,1.7,0.9,0.1,1.0,7,5,13,0.41,0.0,0.41,0.0,0.0,0.7,0.05,0.75,0.37,0.42,"                  0
0  Central Midfield
1    Right Midfield",2027-06-30,800000.0,1.5
ENG-Premier League,2526,Newcastle Utd,William Osula,DEN,FW,22,2003,10,1,219,2.4,1,0,1,1,0,0,0,0,0.6,0.6,0.1,0.7,4,2,12,0.41,0.0,0.41,0.41,0.41,0.27,0.03,0.3,0.27,0.3,,2029-06-30,1500000.0,3.5
ENG-Premier League,2526,Brighton,James Milner,ENG,MF,39,1986,9,1,217,2.4,1,1,2,0,1,1,1,0,0.8,0.1,0.2,0.3,3,15,5,0.41,0.41,0.83,0.0,0.41,0.35,0.1,0.45,0.02,0.13,,2026-06-30,750000.0,0.5
ENG-Premier League,2526,Manchester City,Omar Marmoush,EGY,"FW,MF",26,1999,10,2,211,2.3,0,1,1,0,0,0,0,0,1.2,1.2,1.0,2.2,7,5,20,0.0,0.43,0.43,0.0,0.43,0.52,0.43,0.95,0.52,0.95,,2029-06-30,6500000.0,3.5
ENG-Premier League,2526,Manchester City,Rico Lewis,ENG,"DF,MF",21,2004,8,2,209,2.3,0,1,1,0,0,0,0,0,0.0,0.0,1.3,1.3,3,20,10,0.0,0.43,0.43,0.0,0.43,0.01,0.56,0.57,0.01,0.57,,2030-06-30,3500000.0,4.5
ENG-Premier League,2526,Fulham,Tom Cairney,SCO,MF,34,1991,8,1,206,2.3,0,0,0,0,0,0,1,0,0.4,0.4,0.0,0.4,2,14,3,0.0,0.0,0.0,0.0,0.0,0.17,0.02,0.19,0.17,0.19,"                    0
0  Attacking Midfield
1      Right Midfield",2026-06-30,750000.0,0.5
ENG-Premier League,2526,Leeds United,Joël Piroe,NED,"FW,MF",26,1999,9,2,205,2.3,0,0,0,0,0,0,0,0,0.6,0.6,0.0,0.6,3,3,10,0.0,0.0,0.0,0.0,0.0,0.26,0.0,0.26,0.26,0.26,,2027-06-30,1500000.0,1.5
ENG-Premier League,2526,Manchester City,Rayan Aït-Nouri,ALG,DF,24,2001,5,3,204,2.3,0,0,0,0,0,0,1,0,0.0,0.0,0.2,0.3,7,7,8,0.0,0.0,0.0,0.0,0.0,0.02,0.1,0.12,0.02,0.12,,2030-06-30,4000000.0,4.5
ENG-Premier League,2526,Arsenal,Myles Lewis-Skelly,ENG,DF,19,2006,11,0,203,2.3,0,0,0,0,0,0,2,0,0.1,0.1,0.1,0.1,3,6,8,0.0,0.0,0.0,0.0,0.0,0.02,0.04,0.06,0.02,0.06,,2030-06-30,4000000.0,4.5
ENG-Premier League,2526,Nott'ham Forest,Douglas Luiz,BRA,MF,27,1998,5,4,191,2.1,0,0,0,0,0,0,1,0,0.0,0.0,0.6,0.6,5,2,6,0.0,0.0,0.0,0.0,0.0,0.01,0.26,0.27,0.01,0.27,,2026-06-30,2500000.0,0.5
ENG-Premier League,2526,Nott'ham Forest,Dilane Bakwa,FRA,"FW,MF",23,2002,4,2,174,1.9,0,0,0,0,0,0,0,0,0.1,0.1,0.4,0.5,6,9,22,0.0,0.0,0.0,0.0,0.0,0.07,0.2,0.27,0.07,0.27,"                0
0  Right Midfield
1     Left Winger",2030-06-30,3200000.0,4.5
ENG-Premier League,2526,Everton,Dwight McNeil,ENG,"FW,MF",26,1999,8,1,172,1.9,0,0,0,0,0,0,0,0,0.2,0.2,0.3,0.6,2,6,10,0.0,0.0,0.0,0.0,0.0,0.13,0.17,0.3,0.13,0.3,"               0
0  Left Midfield
1   Right Winger",2027-06-30,2000000.0,1.5
ENG-Premier League,2526,Arsenal,Ethan Nwaneri,ENG,MF,18,2007,6,0,171,1.9,0,0,0,0,0,0,0,0,0.2,0.2,0.0,0.3,7,14,6,0.0,0.0,0.0,0.0,0.0,0.12,0.02,0.14,0.12,0.14,"                0
0    Right Winger
1  Centre-Forward",2030-06-30,4000000.0,4.5
ENG-Premier League,2526,Fulham,Jorge Cuenca,ESP,DF,26,1999,3,2,169,1.9,0,0,0,0,0,0,0,0,0.0,0.0,0.0,0.0,0,2,0,0.0,0.0,0.0,0.0,0.0,0.0,0.0,0.0,0.0,0.0,"           0
0  Left-Back",2028-06-30,400000.0,2.5
ENG-Premier League,2526,Chelsea,Jorrel Hato,NED,DF,19,2006,4,2,168,1.9,0,0,0,0,0,0,2,0,0.0,0.0,0.0,0.0,0,4,1,0.0,0.0,0.0,0.0,0.0,0.0,0.0,0.0,0.0,0.0,"             0
0  Centre-Back",2032-06-30,3500000.0,6.5
ENG-Premier League,2526,West Ham,Guido Rodríguez,ARG,MF,31,1994,5,2,168,1.9,0,0,0,0,0,0,1,0,0.0,0.0,0.0,0.0,0,8,4,0.0,0.0,0.0,0.0,0.0,0.01,0.0,0.01,0.01,0.01,,2026-06-30,600000.0,0.5
ENG-Premier League,2526,Leeds United,James Justin,ENG,DF,27,1998,9,1,167,1.9,0,0,0,0,0,0,1,0,0.0,0.0,0.0,0.0,0,5,3,0.0,0.0,0.0,0.0,0.0,0.0,0.0,0.0,0.0,0.0,"                0
0       Left-Back
1  Right Midfield",2029-06-30,1200000.0,3.5
ENG-Premier League,2526,Liverpool,Federico Chiesa,ITA,"FW,MF",28,1997,12,0,162,1.8,2,1,3,2,0,0,2,0,1.2,1.2,1.3,2.5,6,8,14,1.11,0.56,1.67,1.11,1.67,0.69,0.7,1.39,0.69,1.39,"                0
0     Left Winger
1  Second Striker",2028-06-30,1800000.0,2.5
ENG-Premier League,2526,Burnley,Joe Worrall,ENG,DF,28,1997,6,1,157,1.7,0,0,0,0,0,0,0,0,0.0,0.0,0.0,0.0,0,2,2,0.0,0.0,0.0,0.0,0.0,0.0,0.0,0.0,0.0,0.0,,2028-06-30,400000.0,2.5
ENG-Premier League,2526,Chelsea,Benoît Badiashile,FRA,DF,24,2001,4,2,156,1.7,0,0,0,0,0,0,2,0,0.0,0.0,0.0,0.0,1,7,0,0.0,0.0,0.0,0.0,0.0,0.0,0.0,0.0,0.0,0.0,,2030-06-30,1800000.0,4.5
ENG-Premier League,2526,Fulham,Antonee Robinson,USA,DF,28,1997,4,1,154,1.7,0,0,0,0,0,0,0,0,0.2,0.2,0.0,0.2,5,8,18,0.0,0.0,0.0,0.0,0.0,0.11,0.02,0.13,0.11,0.13,,2028-06-30,3000000.0,2.5
ENG-Premier League,2526,Chelsea,Tyrique George,ENG,FW,19,2006,4,0,145,1.6,0,0,0,0,0,0,2,0,0.3,0.3,0.0,0.3,1,4,10,0.0,0.0,0.0,0.0,0.0,0.2,0.0,0.2,0.2,0.2,,2027-06-30,2200000.0,1.5
ENG-Premier League,2526,Brighton,Olivier Boscagli,FRA,DF,28,1997,3,2,143,1.6,0,0,0,0,0,0,1,0,0.0,0.0,0.0,0.0,8,15,4,0.0,0.0,0.0,0.0,0.0,0.0,0.0,0.0,0.0,0.0,"                    0
0           Left-Back
1  Defensive Midfield",2030-06-30,1800000.0,4.5
ENG-Premier League,2526,Brighton,Stefanos Tzimas,GRE,"FW,MF",19,2006,9,1,139,1.5,1,1,2,1,0,0,0,0,0.5,0.5,0.5,0.9,1,1,8,0.65,0.65,1.29,0.65,1.29,0.3,0.3,0.6,0.3,0.6,,2030-06-30,2200000.0,4.5
ENG-Premier League,2526,Nott'ham Forest,Taiwo Awoniyi,NGA,FW,28,1997,4,1,135,1.5,0,0,0,0,0,0,0,0,0.2,0.2,0.1,0.3,1,1,6,0.0,0.0,0.0,0.0,0.0,0.13,0.1,0.22,0.13,0.22,,2027-06-30,1200000.0,1.5
ENG-Premier League,2526,Aston Villa,Jadon Sancho,ENG,FW,25,2000,7,0,133,1.5,0,0,0,0,0,0,0,0,0.3,0.3,0.5,0.8,7,11,22,0.0,0.0,0.0,0.0,0.0,0.22,0.32,0.54,0.22,0.54,"              0
0  Right Winger",2026-06-30,2000000.0,0.5
ENG-Premier League,2526,West Ham,Oliver Scarles,ENG,"DF,MF",20,2005,3,3,132,1.5,0,0,0,0,0,0,0,0,0.0,0.0,0.0,0.0,1,3,2,0.0,0.0,0.0,0.0,0.0,0.0,0.0,0.0,0.0,0.0,"                  0
0     Left Midfield
1  Central Midfield",2028-06-30,800000.0,2.5
ENG-Premier League,2526,Burnley,Oliver Sonne,PER,"DF,FW",25,2000,5,1,132,1.5,1,0,1,1,0,0,0,0,0.4,0.4,0.0,0.5,0,5,6,0.68,0.0,0.68,0.68,0.68,0.29,0.02,0.31,0.29,0.31,"                0
0  Right Midfield
1       Left-Back",2029-06-30,400000.0,3.5
ENG-Premier League,2526,Sunderland,Arthur Masuaku,COD,"DF,MF",32,1993,3,2,126,1.4,0,0,0,0,0,0,1,0,0.1,0.1,0.1,0.1,2,5,5,0.0,0.0,0.0,0.0,0.0,0.05,0.05,0.1,0.05,0.1,"               0
0  Left Midfield",2027-06-30,250000.0,1.5
ENG-Premier League,2526,Aston Villa,Ross Barkley,ENG,MF,32,1993,7,0,121,1.3,1,0,1,1,0,0,0,0,0.4,0.4,0.5,0.9,5,9,4,0.74,0.0,0.74,0.74,0.74,0.29,0.37,0.65,0.29,0.65,,2026-06-30,500000.0,0.5
ENG-Premier League,2526,Aston Villa,Victor Lindelöf,SWE,"DF,MF",31,1994,5,1,119,1.3,0,1,1,0,0,0,0,0,0.0,0.0,0.0,0.0,2,7,0,0.0,0.76,0.76,0.0,0.76,0.0,0.03,0.03,0.0,0.03,"            0
0  Right-Back
1   Left-Back",2027-06-30,600000.0,1.5
ENG-Premier League,2526,Liverpool,Jeremie Frimpong,NED,"DF,FW",25,2000,5,1,116,1.3,0,0,0,0,0,0,0,0,0.1,0.1,0.3,0.4,7,3,17,0.0,0.0,0.0,0.0,0.0,0.06,0.23,0.29,0.06,0.29,,2030-06-30,3800000.0,4.5
ENG-Premier League,2526,Crystal Palace,Jaydee Canvot,FRA,DF,19,2006,5,1,116,1.3,0,0,0,0,0,0,0,0,0.0,0.0,0.0,0.0,2,3,2,0.0,0.0,0.0,0.0,0.0,0.03,0.0,0.03,0.03,0.03,"                    0
0  Defensive Midfield",2029-06-30,2000000.0,3.5
ENG-Premier League,2526,Everton,Merlin Röhl,GER,"MF,FW",23,2002,5,0,110,1.2,0,0,0,0,0,0,0,0,0.4,0.4,0.1,0.5,4,4,8,0.0,0.0,0.0,0.0,0.0,0.36,0.06,0.41,0.36,0.41,"                  0
0  Central Midfield
1    Second Striker",2026-06-30,1600000.0,0.5
ENG-Premier League,2526,Brighton,Diego Coppola,ITA,DF,21,2003,4,1,108,1.2,0,0,0,0,0,0,1,0,0.0,0.0,0.0,0.0,2,8,0,0.0,0.0,0.0,0.0,0.0,0.0,0.0,0.0,0.0,0.0,,2030-06-30,1000000.0,4.5
ENG-Premier League,2526,Chelsea,Roméo Lavia,BEL,MF,21,2004,4,1,108,1.2,0,0,0,0,0,0,0,0,0.0,0.0,0.0,0.0,1,9,1,0.0,0.0,0.0,0.0,0.0,0.0,0.0,0.0,0.0,0.0,,2030-06-30,3000000.0,4.5
ENG-Premier League,2526,Everton,Tyler Dibling,ENG,FW,19,2006,8,1,104,1.2,0,0,0,0,0,0,1,0,0.0,0.0,0.0,0.0,3,0,6,0.0,0.0,0.0,0.0,0.0,0.0,0.04,0.04,0.0,0.04,,2029-06-30,3000000.0,3.5
ENG-Premier League,2526,Burnley,Marcus Edwards,ENG,"MF,FW",27,1998,7,0,101,1.1,0,1,1,0,0,0,0,0,0.3,0.3,0.8,1.1,9,9,20,0.0,0.89,0.89,0.0,0.89,0.27,0.67,0.94,0.27,0.94,,2029-06-30,800000.0,3.5
ENG-Premier League,2526,Aston Villa,Harvey Elliott,ENG,"MF,FW",22,2003,3,1,98,1.1,0,0,0,0,0,0,0,0,0.2,0.2,0.0,0.2,3,5,11,0.0,0.0,0.0,0.0,0.0,0.17,0.0,0.17,0.17,0.17,,2026-06-30,3000000.0,0.5
ENG-Premier League,2526,Brighton,Charalampos Kostoulas,GRE,"FW,MF",18,2007,8,0,94,1.0,1,0,1,1,0,0,0,0,0.7,0.7,0.9,1.6,6,2,13,0.96,0.0,0.96,0.96,0.96,0.64,0.87,1.5,0.64,1.5,,2030-06-30,2500000.0,4.5
ENG-Premier League,2526,Brentford,Frank Onyeka,NGA,MF,27,1998,6,0,92,1.0,0,1,1,0,0,0,0,0,0.0,0.0,0.1,0.1,2,4,2,0.0,0.98,0.98,0.0,0.98,0.0,0.12,0.12,0.0,0.12,,2027-06-30,700000.0,1.5
ENG-Premier League,2526,Nott'ham Forest,Jair Cunha,BRA,DF,20,2005,1,1,90,1.0,0,0,0,0,0,0,0,0,0.0,0.0,0.0,0.0,0,1,0,0.0,0.0,0.0,0.0,0.0,0.0,0.0,0.0,0.0,0.0,,2030-06-30,1200000.0,4.5
ENG-Premier League,2526,Nott'ham Forest,Arnaud Kalimuendo,FRA,FW,23,2002,7,0,88,1.0,0,0,0,0,0,0,0,0,0.4,0.4,0.0,0.4,4,2,13,0.0,0.0,0.0,0.0,0.0,0.36,0.01,0.38,0.36,0.38,,2030-06-30,2500000.0,4.5
ENG-Premier League,2526,Chelsea,Filip Jørgensen,DEN,GK,23,2002,1,0,84,0.9,0,0,0,0,0,0,0,0,0.0,0.0,0.0,0.0,0,0,0,0.0,0.0,0.0,0.0,0.0,0.0,0.0,0.0,0.0,0.0,,2031-06-30,1500000.0,5.5
ENG-Premier League,2526,Sunderland,Romaine Mundle,ENG,"FW,MF",22,2003,4,0,82,0.9,0,0,0,0,0,0,1,0,0.1,0.1,0.0,0.1,5,3,6,0.0,0.0,0.0,0.0,0.0,0.12,0.0,0.12,0.12,0.12,"              0
0  Right Winger",2028-06-30,600000.0,2.5
ENG-Premier League,2526,Crystal Palace,Christantus Uche,NGA,"FW,MF",22,2003,7,0,77,0.9,0,0,0,0,0,0,0,0,0.1,0.1,0.0,0.1,2,1,7,0.0,0.0,0.0,0.0,0.0,0.17,0.0,0.17,0.17,0.17,,2026-06-30,1500000.0,0.5
ENG-Premier League,2526,Bournemouth,Enes Ünal,TUR,"FW,MF",28,1997,6,0,66,0.7,1,0,1,1,0,0,1,0,0.5,0.5,0.0,0.5,0,1,4,1.36,0.0,1.36,1.36,1.36,0.75,0.0,0.75,0.75,0.75,,2028-06-30,800000.0,2.5
ENG-Premier League,2526,West Ham,Callum Marshall,NIR,FW,21,2004,2,0,60,0.7,0,0,0,0,0,0,0,0,0.1,0.1,0.0,0.1,0,1,0,0.0,0.0,0.0,0.0,0.0,0.19,0.0,0.19,0.19,0.19,"              0
0  Right Winger",2027-06-30,200000.0,1.5
ENG-Premier League,2526,Bournemouth,Ben Gannon-Doak,SCO,FW,20,2005,4,0,57,0.6,0,1,1,0,0,0,0,0,0.1,0.1,0.6,0.7,4,1,10,0.0,1.58,1.58,0.0,1.58,0.14,0.91,1.04,0.14,1.04,"             0
0  Left Winger",2030-06-30,1800000.0,4.5
ENG-Premier League,2526,Manchester Utd,Lisandro Martínez,ARG,DF,27,1998,4,0,56,0.6,0,0,0,0,0,0,0,0,0.0,0.0,0.0,0.0,1,5,0,0.0,0.0,0.0,0.0,0.0,0.0,0.0,0.0,0.0,0.0,,2027-06-30,3500000.0,1.5
ENG-Premier League,2526,Newcastle Utd,Yoane Wissa,COD,FW,29,1996,3,0,51,0.6,0,0,0,0,0,0,1,0,0.0,0.0,0.0,0.0,1,1,4,0.0,0.0,0.0,0.0,0.0,0.0,0.0,0.0,0.0,0.0,,,3500000.0,0.0
ENG-Premier League,2526,Liverpool,Wataru Endo,JPN,"MF,DF",32,1993,5,0,47,0.5,0,1,1,0,0,0,1,0,0.0,0.0,0.1,0.1,2,2,0,0.0,1.91,1.91,0.0,1.91,0.0,0.21,0.21,0.0,0.21,,2027-06-30,500000.0,1.5
ENG-Premier League,2526,Brighton,Tom Watson,ENG,"FW,MF",19,2006,3,0,46,0.5,0,0,0,0,0,0,0,0,0.0,0.0,0.0,0.0,2,1,3,0.0,0.0,0.0,0.0,0.0,0.07,0.0,0.07,0.07,0.07,"                0
0    Right Winger
1  Centre-Forward",2029-06-30,1000000.0,3.5
ENG-Premier League,2526,Liverpool,Rio Ngumoha,ENG,"FW,MF",17,2008,5,0,46,0.5,1,0,1,1,0,0,0,0,0.4,0.4,0.1,0.5,6,0,15,1.96,0.0,1.96,1.96,1.96,0.7,0.24,0.93,0.7,0.93,"               0
0   Right Winger
1  Left Midfield",2028-06-30,1500000.0,2.5
ENG-Premier League,2526,Chelsea,Facundo Buonanotte,ARG,MF,20,2004,1,1,45,0.5,0,0,0,0,0,0,0,0,0.0,0.0,0.3,0.3,0,0,5,0.0,0.0,0.0,0.0,0.0,0.0,0.51,0.51,0.0,0.51,"                0
0    Right Winger
1  Right Midfield",2026-06-30,1800000.0,0.5
ENG-Premier League,2526,Newcastle Utd,Emil Krafth,SWE,DF,31,1994,1,1,45,0.5,0,0,0,0,0,0,0,0,0.0,0.0,0.0,0.0,0,2,5,0.0,0.0,0.0,0.0,0.0,0.0,0.0,0.0,0.0,0.0,"             0
0  Centre-Back",2026-06-30,150000.0,0.5
ENG-Premier League,2526,Nott'ham Forest,Zach Abbott,ENG,DF,19,2006,1,0,45,0.5,0,0,0,0,0,0,0,0,0.0,0.0,0.0,0.0,0,1,1,0.0,0.0,0.0,0.0,0.0,0.0,0.0,0.0,0.0,0.0,"            0
0  Right-Back
1   Left-Back",2029-06-30,300000.0,3.5
ENG-Premier League,2526,Brentford,Antoni Milambo,NED,MF,20,2005,1,1,45,0.5,0,0,0,0,0,0,0,0,0.0,0.0,0.0,0.0,1,3,1,0.0,0.0,0.0,0.0,0.0,0.0,0.0,0.0,0.0,0.0,"                  0
0  Central Midfield",2030-06-30,2000000.0,4.5
ENG-Premier League,2526,Arsenal,Gabriel Jesus,BRA,FW,28,1997,2,0,36,0.4,0,0,0,0,0,0,0,0,0.1,0.1,0.0,0.1,3,2,2,0.0,0.0,0.0,0.0,0.0,0.37,0.0,0.37,0.37,0.37,"              0
0   Left Winger
1  Right Winger",2027-06-30,2000000.0,1.5
ENG-Premier League,2526,Tottenham,Dominic Solanke,ENG,FW,28,1997,2,0,33,0.4,0,0,0,0,0,0,0,0,0.2,0.2,0.0,0.2,0,0,2,0.0,0.0,0.0,0.0,0.0,0.57,0.0,0.57,0.57,0.57,,2030-06-30,3500000.0,4.5
ENG-Premier League,2526,Brentford,Reiss Nelson,ENG,FW,26,1999,3,0,33,0.4,0,0,0,0,0,0,0,0,0.1,0.1,0.0,0.1,1,3,4,0.0,0.0,0.0,0.0,0.0,0.15,0.0,0.15,0.15,0.15,"                    0
0        Right Winger
1  Attacking Midfield",2026-06-30,1400000.0,0.5
ENG-Premier League,2526,Tottenham,Ben Davies,WAL,DF,32,1993,1,0,32,0.4,0,0,0,0,0,0,0,0,0.0,0.0,0.0,0.0,1,0,0,0.0,0.0,0.0,0.0,0.0,0.0,0.0,0.0,0.0,0.0,"           0
0  Left-Back",2026-06-30,500000.0,0.5
ENG-Premier League,2526,Arsenal,Kai Havertz,GER,FW,26,1999,1,0,31,0.3,0,0,0,0,0,0,0,0,0.0,0.0,0.0,0.0,1,2,2,0.0,0.0,0.0,0.0,0.0,0.0,0.0,0.0,0.0,0.0,,2028-06-30,5500000.0,2.5
ENG-Premier League,2526,Arsenal,Max Dowman,ENG,FW,15,2009,2,0,29,0.3,0,0,0,0,0,0,0,0,0.1,0.1,0.0,0.1,4,0,6,0.0,0.0,0.0,0.0,0.0,0.43,0.0,0.43,0.43,0.43,"                    0
0  Attacking Midfield
1    Central Midfield",,0.0,0.0
ENG-Premier League,2526,Crystal Palace,Borna Sosa,CRO,DF,27,1998,2,0,27,0.3,0,0,0,0,0,0,0,0,0.0,0.0,0.1,0.1,1,2,3,0.0,0.0,0.0,0.0,0.0,0.0,0.22,0.22,0.0,0.22,,2028-06-30,400000.0,2.5
ENG-Premier League,2526,Crystal Palace,Romain Esse,ENG,FW,20,2005,1,0,25,0.3,0,0,0,0,0,0,0,0,0.0,0.0,0.0,0.0,0,2,3,0.0,0.0,0.0,0.0,0.0,0.0,0.0,0.0,0.0,0.0,,2030-06-30,1000000.0,4.5
ENG-Premier League,2526,Wolves,Tawanda Chirewa,ZIM,"MF,FW",22,2003,1,0,22,0.2,0,0,0,0,0,0,0,0,0.0,0.0,0.0,0.0,0,0,0,0.0,0.0,0.0,0.0,0.0,0.0,0.0,0.0,0.0,0.0,,2027-06-30,500000.0,1.5
ENG-Premier League,2526,Bournemouth,Julio Soler,ARG,"FW,MF",20,2005,2,0,22,0.2,0,0,0,0,0,0,0,0,0.0,0.0,0.0,0.0,1,1,3,0.0,0.0,0.0,0.0,0.0,0.0,0.0,0.0,0.0,0.0,,2029-06-30,800000.0,3.5
ENG-Premier League,2526,Newcastle Utd,Jamaal Lascelles,ENG,DF,32,1993,2,0,21,0.2,0,0,0,0,0,0,0,0,0.0,0.0,0.0,0.0,0,0,1,0.0,0.0,0.0,0.0,0.0,0.16,0.0,0.16,0.16,0.16,,2026-06-30,200000.0,0.5
ENG-Premier League,2526,Fulham,Jonah Kusi-Asare,SWE,FW,18,2007,2,0,19,0.2,0,0,0,0,0,0,0,0,0.0,0.0,0.0,0.0,0,2,1,0.0,0.0,0.0,0.0,0.0,0.0,0.22,0.22,0.0,0.22,,2026-06-30,400000.0,0.5
ENG-Premier League,2526,Arsenal,Christian Nørgaard,DEN,MF,31,1994,2,0,15,0.2,0,0,0,0,0,0,0,0,0.1,0.1,0.0,0.1,0,1,0,0.0,0.0,0.0,0.0,0.0,0.31,0.0,0.31,0.31,0.31,,2027-06-30,900000.0,1.5
ENG-Premier League,2526,Everton,Séamus Coleman,IRL,"DF,FW",37,1988,3,1,11,0.1,0,0,0,0,0,0,0,0,0.0,0.0,0.0,0.0,0,1,0,0.0,0.0,0.0,0.0,0.0,0.0,0.0,0.0,0.0,0.0,,2026-06-30,300000.0,0.5
ENG-Premier League,2526,Burnley,Ashley Barnes,ENG,FW,36,1989,1,0,8,0.1,0,0,0,0,0,0,0,0,0.0,0.0,0.0,0.0,0,0,1,0.0,0.0,0.0,0.0,0.0,0.0,0.0,0.0,0.0,0.0,,2026-06-30,200000.0,0.5
ENG-Premier League,2526,Leeds United,Sam Byram,ENG,DF,32,1993,1,0,8,0.1,0,0,0,0,0,0,0,0,0.0,0.0,0.0,0.0,0,0,0,0.0,0.0,0.0,0.0,0.0,0.0,0.0,0.0,0.0,0.0,"                0
0      Right-Back
1  Right Midfield",2026-06-30,600000.0,0.5
ENG-Premier League,2526,Sunderland,Luke O'Nien,ENG,"MF,DF",31,1994,2,0,3,0.0,0,0,0,0,0,0,0,1,0.0,0.0,0.0,0.0,1,1,0,0.0,0.0,0.0,0.0,0.0,0.0,0.0,0.0,0.0,0.0,,2027-06-30,130000.0,1.5
ENG-Premier League,2526,Burnley,Bashir Humphreys,ENG,DF,22,2003,1,0,3,0.0,0,0,0,0,0,0,0,0,0.0,0.0,0.0,0.0,0,0,0,0.0,0.0,0.0,0.0,0.0,0.0,0.0,0.0,0.0,0.0,,,1200000.0,0.0
ENG-Premier League,2526,Leeds United,Sebastiaan Bornauw,BEL,DF,26,1999,2,0,2,0.0,0,0,0,0,0,0,0,0,0.0,0.0,0.0,0.0,0,0,0,0.0,0.0,0.0,0.0,0.0,0.0,0.0,0.0,0.0,0.0,,2029-06-30,500000.0,3.5
ENG-Premier League,2526,Sunderland,Dan Neil,ENG,MF,24,2001,2,0,2,0.0,0,0,0,0,0,0,0,0,0.0,0.0,0.0,0.0,0,0,0,0.0,0.0,0.0,0.0,0.0,0.0,0.0,0.0,0.0,0.0,,2026-06-30,650000.0,0.5
ENG-Premier League,2526,Fulham,Harrison Reed,ENG,MF,30,1995,1,0,2,0.0,0,0,0,0,0,0,0,0,0.0,0.0,0.0,0.0,0,0,0,0.0,0.0,0.0,0.0,0.0,0.0,0.0,0.0,0.0,0.0,"                    0
0  Defensive Midfield
1      Right Midfield",2027-06-30,300000.0,1.5
ENG-Premier League,2526,Liverpool,Trey Nyoni,ENG,FW,18,2007,1,0,1,0.0,0,0,0,0,0,0,0,0,0.0,0.0,0.0,0.0,0,0,0,0.0,0.0,0.0,0.0,0.0,0.0,0.0,0.0,0.0,0.0,,2026-06-30,600000.0,0.5
